-- MySQL нҳёнҷҳ лІ„м „мңјлЎң ліҖнҷҳлҗң мҠӨнҒ¬лҰҪнҠё
-- DDL
-- CREATE, ALTER, RENAME, DROP, TRUNCATE

DROP DATABASE IF EXISTS mydb2;
-- мғҲлЎң л§Ңл“Өм–ҙлқј 
CREATE DATABASE IF NOT EXISTS mydb2;
USE mydb2;

DROP TABLE IF EXISTS player;
DROP TABLE IF EXISTS team; 
DROP TABLE IF EXISTS STADIUM; 
DROP TABLE IF EXISTS SCHEDULE;
 
CREATE TABLE PLAYER
(
  PLAYER_ID CHAR(7) NOT NULL,
  PLAYER_NAME VARCHAR(20) NOT NULL,
  TEAM_ID CHAR(3) NOT NULL,
  E_PLAYER_NAME VARCHAR(40),
  NICKNAME VARCHAR(30),
  JOIN_YYYY CHAR(4),
  POSIT VARCHAR(10),
  BACK_NO INT,
  NATION VARCHAR(20),
  BIRTH_DATE DATE,
  SOLAR CHAR(1),
  HEIGHT INT,
  WEIGHT INT,
  CONSTRAINT PLYAER_PK PRIMARY KEY(PLAYER_ID)
);

CREATE TABLE TEAM
(
  TEAM_ID CHAR(3) NOT NULL,
  REGION_NAME VARCHAR(8) NOT NULL,
  TEAM_NAME VARCHAR(40) NOT NULL,
  E_TEAM_NAME VARCHAR(50),
  ORIG_YYYY CHAR(4),
  STADIUM_ID CHAR(3) NOT NULL,
  ZIP_CODE1 CHAR(3),
  ZIP_CODE2 CHAR(3),
  ADDRESS VARCHAR(80),
  DDD VARCHAR(3),
  TEL VARCHAR(10),
  FAX VARCHAR(10),
  HOMEPAGE VARCHAR(50),
  OWNER VARCHAR(10),
  PRIMARY KEY (TEAM_ID)
);

CREATE TABLE STADIUM (
  STADIUM_ID CHAR(3) NOT NULL,
  STADIUM_NAME VARCHAR(40) NOT NULL,
  HOMETEAM_ID CHAR(3),
  SEAT_COUNT INT,
  ADDRESS VARCHAR(60),
  DDD VARCHAR(3),
  TEL VARCHAR(10),
  CONSTRAINT STADIUM_PK PRIMARY KEY (STADIUM_ID)
);

CREATE TABLE SCHEDULE (
  STADIUM_ID CHAR(3) NOT NULL,
  SCHE_DATE CHAR(8) NOT NULL,
  GUBUN CHAR(1) NOT NULL,
  HOMETEAM_ID CHAR(3) NOT NULL,
  AWAYTEAM_ID CHAR(3) NOT NULL,
  HOME_SCORE INT,
  AWAY_SCORE INT,
  CONSTRAINT SCHEDULE_PK PRIMARY KEY (STADIUM_ID, SCHE_DATE),
  CONSTRAINT SCHEDULE_FK FOREIGN KEY (STADIUM_ID) REFERENCES STADIUM(STADIUM_ID)
);

INSERT INTO team VALUES ('K05','м „л¶Ғ','нҳ„лҢҖлӘЁн„°мҠӨ','CHUNBUK HYUNDAI MOTORS FC','1995','D03','560','190',
'м „л¶Ғ м „мЈјмӢң лҚ•м§„кө¬ л°ҳмӣ”лҸҷ 763-1 м „мЈјмӣ”л“ңм»өкІҪкё°мһҘ лӮҙ','063','273-1763','273-1762','http://www.hyundai-motorsfc.com','');
INSERT INTO team VALUES ('K08','м„ұлӮЁ','мқјнҷ”мІңл§Ҳ','SEONGNAM ILHWA CHUNMA FC','1988','B02','462',
'130','кІҪкё°лҸ„ м„ұлӮЁмӢң л¶„лӢ№кө¬ м•јнғ‘лҸҷ 486лІҲм§Җ м„ұлӮЁ м ң2мў…н•©мҡҙлҸҷмһҘ лӮҙ','031','753-3956','753-4443','http://www.esifc.com','');
INSERT INTO team VALUES ('K03','нҸ¬н•ӯ','мҠӨнӢёлҹ¬мҠӨ','FC POHANG STEELERS','1973','C06','790','050',
'кІҪл¶Ғ нҸ¬н•ӯмӢң мЈҪлҸ„лҸҷ 614-8 лҸҷм–‘л№Ңл”© 7мёө','054','282-2002','282-5955','http://www.steelers.co.kr','');
INSERT INTO team VALUES ('K07','м „лӮЁ','л“ңлһҳкіӨмҰҲ','CHUNNAM DRAGONS FC','1994','D01','544','010',
'м „лӮЁ кҙ‘м–‘мӢң мӨ‘лҸҷ 1318-5 мӢ н•ңмқҖн–үл№Ңл”© 2мёө','061','792-5600','792-5605','http://www.dragons.co.kr','');
INSERT INTO team VALUES ('K09','м„ңмҡё','FCм„ңмҡё','FOOTBALL CLUB SEOUL','1983','B05','138','221',
'м„ңмҡё л§ҲнҸ¬кө¬ м„ұмӮ°лҸҷ 515 мӣ”л“ңм»ө кІҪкё°мһҘ лӮҙ','02','2005-5746','2005-5802','http://www.fcseoul.com','');
INSERT INTO team VALUES ('K04','мқёмІң','мң лӮҳмқҙнӢ°л“ң','INCHEON UNITED FC','2004','B01','110','728',
'мқёмІңкҙ‘м—ӯмӢң лӮЁкө¬ л¬ён•ҷлҸҷ 482 мқёмІңмӣ”л“ңм»өкІҪкё°мһҘ лӮҙ','032','2121-5271','2121-5276','http://www.incheonutd.com','');
INSERT INTO team VALUES ('K11','кІҪлӮЁ','кІҪлӮЁFC','GYEONGNAM FC','2006','C05','111','222',
'кІҪлӮЁ м°ҪмӣҗмӢң л‘җлҢҖлҸҷ 145 м°Ҫмӣҗмў…н•©мҡҙлҸҷмһҘ','055','6644-8468','6644-8488','http://www.gsndfc.co.kr','');
INSERT INTO team VALUES ('K01','мҡёмӮ°','мҡёмӮ°нҳ„лҢҖ','ULSAN HYUNDAI FC','1986','C04','682','060',
'мҡёмӮ°кҙ‘м—ӯмӢң лҸҷкө¬ м„ңл¶ҖлҸҷ мӮ°137-1 нҳ„лҢҖмҠӨнҸ¬мё нҒҙлҹҪн•ҳмҡ°мҠӨ','052','230-6141','230-6145','http://www.uhfc.tv','');
INSERT INTO team VALUES ('K10','лҢҖм „','мӢңнӢ°мҰҢ','DAEJEON CITIZEN FC','1996','D02','301','030',
'лҢҖм „кҙ‘м—ӯмӢң мң м„ұкө¬ л…ёмқҖлҸҷ 270 лҢҖм „мӣ”л“ңм»өкІҪкё°мһҘ м„ңкҙҖ 3мёө','042','252-2002','221-0669','http://www.dcfc.co.kr','');
INSERT INTO team VALUES ('K02','мҲҳмӣҗ','мӮјм„ұлё”лЈЁмңҷмҰҲ','SUWON SAMSUNG BLUEWINGS FC','1995','B04','440','220',
'мҲҳмӣҗмӢң нҢ”лӢ¬кө¬ мҡ°л§Ң1лҸҷ 228 мҲҳмӣҗмӣ”л“ңм»өкІҪкё°мһҘ 4мёө','031','247-2002','257-0766','http://www.bluewings.kr','');
INSERT INTO team VALUES ('K12','кҙ‘мЈј','кҙ‘мЈјмғҒл¬ҙ','GWANGJU SANGMU FC','1984','A02','450','419',
'кҙ‘мЈјкҙ‘м—ӯмӢң м„ңкө¬ н’Қм•”лҸҷ 423-2 кҙ‘мЈјмӣ”л“ңм»өкІҪкё°мһҘ лӮҙ','062','777-5180','777-5181','http://www.gwangjusmfc.co.kr','');
INSERT INTO team VALUES ('K06','л¶ҖмӮ°','м•„мқҙнҢҢнҒ¬','BUSAN IPARK FC','1983','C02','570','050',
'л¶ҖмӮ°кҙ‘м—ӯмӢң к°•м„ңкө¬ лҢҖм Җ1лҸҷ 2155лІҲм§Җ к°•м„ңмІҙмңЎкіөмӣҗ лӮҙ','051','555-7101','555-7103','http://www.busanipark.co.kr','');
INSERT INTO team VALUES ('K13','к°•мӣҗ','к°•мӣҗFC','GANGWON FC','2008','A03','333','444',
'к°•мӣҗ м¶ҳмІңмӢң мӨ‘м•ҷлЎң 7 к°•мӣҗлҸ„ к°ңл°ңкіөмӮ¬ л№Ңл”© лӮҙ','033','459-3631','459-3630','http://www.gangwon-fc.com','');
INSERT INTO team VALUES ('K14','м ңмЈј','м ңмЈјмң лӮҳмқҙнӢ°л“ңFC','JEJU UNITED FC','1982','A04','555','666',
'м ңмЈј м„ңк·ҖнҸ¬мӢң к°•м •лҸҷ 3355-5','064','3631-2460','3631-2468','http://www.jeju-utd.com','');
INSERT INTO team VALUES ('K15','лҢҖкө¬','лҢҖкө¬FC','DAEGU FC','2002','A05','777','888',
'лҢҖкө¬кҙ‘м—ӯмӢң мҲҳм„ұкө¬ лҢҖнқҘлҸҷ 504 лҢҖкө¬мҠӨнғҖл””мӣҖ лӮҙ','053','5566-3967','5566-3970','http://www.daegufc.co.kr','');

-- PLAYER н…Ңмқҙлё”м—җ лҚ°мқҙн„° INSERT
-- Oracleмқҳ TO_DATEлҘј MySQLмқҳ STR_TO_DATEлЎң ліҖкІҪ

INSERT INTO player VALUES ('2009175','мҡ°лҘҙлӘЁлёҢ','K06','','','2009','DF','4','мң кі ',STR_TO_DATE('30-AUG-1987','%d-%b-%Y'),'1','180','70');
INSERT INTO player VALUES ('2007188','мңӨнқ¬мӨҖ','K06','','','2005','DF','15','',STR_TO_DATE('01-NOV-1982','%d-%b-%Y'),'1','180','74');
INSERT INTO player VALUES ('2012073','к№Җк·ңнҳё','K06','','','2011','DF','23','',STR_TO_DATE('13-JUL-1989','%d-%b-%Y'),'1','177','72');
INSERT INTO player VALUES ('2007178','к№ҖлҜјм„ұ','K06','','','','DF','20','',STR_TO_DATE('23-JUN-1983','%d-%b-%Y'),'1','182','73');
INSERT INTO player VALUES ('2007191','к№ҖмһҘкҙҖ','K06','','л°°м¶”лҸ„мӮ¬,мһ‘мқҖмӮјмҶҗ','2007','DF','18','',STR_TO_DATE('05-JUN-1984','%d-%b-%Y'),'2','170','61');
INSERT INTO player VALUES ('2008384','к№Җм •нҡЁ','K06','','к№ңл‘Ҙмқҙ,нҶөнӮӨнҶө','2008','DF','19','',STR_TO_DATE('23-JUL-1985','%d-%b-%Y'),'2','174','68');
INSERT INTO player VALUES ('2008395','мһҘлҢҖмқј','K06','','лӢ¬кө¬','2010','DF','7','',STR_TO_DATE('09-MAR-1985','%d-%b-%Y'),'2','184','79');
INSERT INTO player VALUES ('2011050','л°•мғҒмҲҳ','K06','','кј¬л§ҲнҷҚкёёлҸҷ','2011','DF','36','',STR_TO_DATE('14-JUN-1988','%d-%b-%Y'),'1','173','65');
INSERT INTO player VALUES ('2007189','м •мһ¬мҳҒ','K06','','м ңлҰ¬','2006','MF','6','',STR_TO_DATE('02-SEP-1983','%d-%b-%Y'),'2','187','75');
INSERT INTO player VALUES ('2011049','м •нғңлҜј','K06','','нӮ№м№ҙ','2011','MF','38','',STR_TO_DATE('25-MAY-1992','%d-%b-%Y'),'1','180','71');
INSERT INTO player VALUES ('2010107','м •нҳ„мҡ°','K06','','','2010','MF','37','',STR_TO_DATE('04-JUN-1991','%d-%b-%Y'),'1','178','70');
INSERT INTO player VALUES ('2011043','мҶЎмў…көӯ','K06','','мҚ°л Ғмҷ•мһҗ','2011','MF','24','',STR_TO_DATE('20-FEB-1989','%d-%b-%Y'),'1','177','73');
INSERT INTO player VALUES ('2011044','мҳӨм •м„қ','K06','','м„ңкІҪм„қ','2011','MF','13','',STR_TO_DATE('08-SEP-1988','%d-%b-%Y'),'1','178','74');
INSERT INTO player VALUES ('2012137','мқҙкі лҘҙ','K06','мқҙкіЁ мӢӨл°” лҚ° нҺҳлҰ¬мқҙл”°мҠӨ','мқҙкіЁ','2012','MF','21','лёҢлқјм§Ҳ',STR_TO_DATE('25-OCT-1989','%d-%b-%Y'),'1','181','76');
INSERT INTO player VALUES ('2007200','к№Җмҡ©н•ҳ','K06','','мҡ©мӢқмқҙ','2007','MF','26','',STR_TO_DATE('15-DEC-1983','%d-%b-%Y'),'2','173','66');
INSERT INTO player VALUES ('2012072','м „мғҒл°°','K06','','','2012','MF','14','',STR_TO_DATE('22-MAR-1989','%d-%b-%Y'),'1','176','67');
INSERT INTO player VALUES ('2009038','м „мҡ°к·ј','K06','','м—җл„Ҳмһҗмқҙм ё','2009','MF','11','',STR_TO_DATE('25-FEB-1987','%d-%b-%Y'),'2','175','68');
INSERT INTO player VALUES ('2008365','мқҙнғңм„ұ','K06','','','2011','MF','30','',STR_TO_DATE('16-JUN-1987','%d-%b-%Y'),'1','177','64');
INSERT INTO player VALUES ('2011047','нҷ©мІ лҜј','K06','','мӮ¬лӢӨлҰ¬л§Ё','2011','MF','35','',STR_TO_DATE('20-NOV-1988','%d-%b-%Y'),'1','175','68');
INSERT INTO player VALUES ('2008235','м •кҙҖк·ң','K06','','','','FW','39','',STR_TO_DATE('10-OCT-1986','%d-%b-%Y'),'1','178','71');
INSERT INTO player VALUES ('2011048','м •кё°мў…','K06','','','2011','FW','25','',STR_TO_DATE('22-MAY-1985','%d-%b-%Y'),'1','182','78');
INSERT INTO player VALUES ('2012074','м •м°ҪмҳӨ','K06','','мһ„л•Ў','2012','FW','27','',STR_TO_DATE('10-JAN-1988','%d-%b-%Y'),'1','186','82');
INSERT INTO player VALUES ('2012127','л””л””','K06','Sebastiao Pereira do Nascimento','','2012','FW','8','лёҢлқјм§Ҳ',STR_TO_DATE('24-FEB-1986','%d-%b-%Y'),'1','179','78');
INSERT INTO player VALUES ('2007182','л§ҲлӢҲм№ҳ','K06','','л°”лһҢмқҳ м•„л“Ө','2006','FW','9','',STR_TO_DATE('16-JAN-1982','%d-%b-%Y'),'2','184','80');
INSERT INTO player VALUES ('2007195','мҡ°м„ұмҡ©','K06','','л”°л”°','2006','FW','22','',STR_TO_DATE('18-AUG-1983','%d-%b-%Y'),'2','191','76');
INSERT INTO player VALUES ('2010103','мһҘкё°лҙү','K06','','м§қнҢ”','2010','FW','12','',STR_TO_DATE('08-JUL-1987','%d-%b-%Y'),'1','180','71');
INSERT INTO player VALUES ('2012075','мқҙкҙ‘мҲҳ','K06','','','2012','FW','29','',STR_TO_DATE('25-SEP-1989','%d-%b-%Y'),'1','177','73');
INSERT INTO player VALUES ('2010087','н•ҳлҰ¬','K06','','','2010','FW','10','мҪңлЎ¬л№„м•„',STR_TO_DATE('14-MAY-1984','%d-%b-%Y'),'1','168','65');
INSERT INTO player VALUES ('2000017','л°•мғҒлӮЁ','K06','','','2008','FW','32','',STR_TO_DATE('07-SEP-1985','%d-%b-%Y'),'2','188','80');
INSERT INTO player VALUES ('2000018','л№…нҶ лҘҙ','K06','','л№…нҶ лҘҙ','2011','FW','28','лӮҳмқҙм§ҖлҰ¬м•„',STR_TO_DATE('05-JAN-1985','%d-%b-%Y'),'1','183','79');
INSERT INTO player VALUES ('2000021','мқҙмңӨкІё','K04','LEE, YOONGYUM','','2002','DF','','',NULL,'','178','80');
INSERT INTO player VALUES ('2000022','н•ҳмһ¬нӣҲ','K04','HA, JAEHON','','2002','DF','','',NULL,'','174','67');
INSERT INTO player VALUES ('2000023','к№Җм¶©нҳё','K04','KIM, CHUNGHO','','2009','DF','','',NULL,'','185','83');
INSERT INTO player VALUES ('2000024','мһ„кё°н•ң','K04','LIM, GIHAN','','2004','DF','','',NULL,'','177','85');
INSERT INTO player VALUES ('2000025','к№ҖкІҪнғң','K04','KIM, KYOUNGTAE','','','DF','','',NULL,'','','');
INSERT INTO player VALUES ('2012054','лӮЁнҳ„мҡ°','K04','','','','GK','31','',STR_TO_DATE('20-APR-1989','%d-%b-%Y'),'2','180','72');
INSERT INTO player VALUES ('2008499','к№Җм¶©нҳё','K04','','','','GK','60','',STR_TO_DATE('04-JUL-1978','%d-%b-%Y'),'2','185','83');
INSERT INTO player VALUES ('2011021','мқҙнҳ„','K04','','','','GK','1','',STR_TO_DATE('07-NOV-1988','%d-%b-%Y'),'2','192','85');
INSERT INTO player VALUES ('2012052','н•ңлҸҷм§„','K04','','','','GK','21','',STR_TO_DATE('25-AUG-1989','%d-%b-%Y'),'2','183','78');
INSERT INTO player VALUES ('2012126','лӢӨмҳӨ','K04','','','','DF','61','',STR_TO_DATE('25-SEP-1992','%d-%b-%Y'),'2','190','80');
INSERT INTO player VALUES ('2008182','мөңмІ ','K04','','','','DF','15','',STR_TO_DATE('20-AUG-1983','%d-%b-%Y'),'2','176','77');
INSERT INTO player VALUES ('2010112','мҶЎм°ҪлӮЁ','K04','','','','DF','23','',STR_TO_DATE('31-DEC-1987','%d-%b-%Y'),'2','175','67');
INSERT INTO player VALUES ('2008424','мЎ°мҠ№нҳё','K04','','','','DF','2','',STR_TO_DATE('13-MAY-1985','%d-%b-%Y'),'2','179','70');
INSERT INTO player VALUES ('2008450','мңӨмӨ‘нқ¬','K04','','','','DF','5','',STR_TO_DATE('08-DEC-1985','%d-%b-%Y'),'1','177','75');
INSERT INTO player VALUES ('2011022','к№ҖлІ”м§Ғ','K04','','','','DF','25','',STR_TO_DATE('11-FEB-1989','%d-%b-%Y'),'1','182','75');
INSERT INTO player VALUES ('2012053','к№ҖмғҒнҷҚ','K04','','','','DF','30','',STR_TO_DATE('04-FEB-1989','%d-%b-%Y'),'1','178','68');
INSERT INTO player VALUES ('2000001','к№Җнғңнҳё','K10','','','','DF','','',STR_TO_DATE('29-JAN-1971','%d-%b-%Y'),'1','','');
INSERT INTO player VALUES ('2000002','м •мғҒмҲҳ','K10','JEONG, SAMSOO','','','DF','','',STR_TO_DATE('08-FEB-1973','%d-%b-%Y'),'1','','');
INSERT INTO player VALUES ('2000003','мң лҸҷмҡ°','K10','YOU, DONGWOO','','','DF','40','',STR_TO_DATE('07-MAR-1978','%d-%b-%Y'),'1','177','70');
INSERT INTO player VALUES ('2000004','м „кё°нҳ„','K10','JEON, GIHYUN','','','DF','','',STR_TO_DATE('06-JUN-1975','%d-%b-%Y'),'1','','');
INSERT INTO player VALUES ('2012047','к°•м„ұмқј','K10','KANG, SUNGIL','','2012','GK','30','',STR_TO_DATE('04-JUN-1989','%d-%b-%Y'),'1','182','80');
INSERT INTO player VALUES ('2010057','к№ҖмҠ№мӨҖ','K10','KIM, SEUNGJUN','к°ңкө¬л©Қ','2010','GK','1','',STR_TO_DATE('01-SEP-1982','%d-%b-%Y'),'1','183','77');
INSERT INTO player VALUES ('2007298','мқҙмқҖм„ұ','K10','LEE, EUNSUNG','мҲҳнҳёмІңнҷ©','2007','GK','21','',STR_TO_DATE('05-APR-1981','%d-%b-%Y'),'1','184','82');
INSERT INTO player VALUES ('2007312','м •лҢҖмҲҳ','K10','JEONG, DAESOO','','2007','DF','15','',STR_TO_DATE('20-MAR-1985','%d-%b-%Y'),'1','184','74');
INSERT INTO player VALUES ('2012051','м •лҜјкё°','K10','','','','DF','3','',STR_TO_DATE('25-APR-1988','%d-%b-%Y'),'1','171','65');
INSERT INTO player VALUES ('2010110','м •м„ұк·ј','K10','JEONG, SUNGKEUN','','2010','DF','33','',STR_TO_DATE('20-JUN-1987','%d-%b-%Y'),'1','180','73');
INSERT INTO player VALUES ('2011098','м •мҳҒк·ј','K10','JEONG, YOUNGKWEN','','2011','DF','5','',STR_TO_DATE('12-OCT-1988','%d-%b-%Y'),'1','180','70');
INSERT INTO player VALUES ('2007301','м •м •мҲҳ','K10','JEONG, JUNGSOO','','2002','DF','36','',STR_TO_DATE('17-JAN-1985','%d-%b-%Y'),'2','180','74');
INSERT INTO player VALUES ('2007309','к№Җм°Ҫм—Ҫ','K10','KIM, CHANGYUP','','2007','DF','6','',STR_TO_DATE('19-NOV-1984','%d-%b-%Y'),'2','174','64');
INSERT INTO player VALUES ('2007299','мһҘмІ мҡ°','K10','JANG, CHULWOO','нҸӯмЈјкё°кҙҖм°Ё','2010','DF','7','',STR_TO_DATE('01-APR-1981','%d-%b-%Y'),'2','172','65');
INSERT INTO player VALUES ('2011116','мҪңлҰ¬','K10','OMAR PAPA COLY','кІҖмқҖлӮҷнғҖ(Black Camel)','2011','DF','29','м„ёл„Өк°Ҳ',STR_TO_DATE('20-MAY-1985','%d-%b-%Y'),'1','182','75');
INSERT INTO player VALUES ('2007313','нҷҚкҙ‘мІ ','K10','HONG, KWANGCHUL','','2007','DF','4','',STR_TO_DATE('09-OCT-1984','%d-%b-%Y'),'2','172','65');
INSERT INTO player VALUES ('2008461','к°•м •нӣҲ','K10','KANG, JUNGHOON','','2008','MF','38','',STR_TO_DATE('20-FEB-1986','%d-%b-%Y'),'1','175','65');
INSERT INTO player VALUES ('2007306','кіөмҳӨк· ','K10','KONG, OHKYUN','CROW','2007','MF','22','',STR_TO_DATE('10-AUG-1984','%d-%b-%Y'),'2','177','72');
INSERT INTO player VALUES ('2012049','м •көӯм§„','K10','JEONG, KOOKJIN','','2012','MF','16','',STR_TO_DATE('09-FEB-1988','%d-%b-%Y'),'1','172','62');
INSERT INTO player VALUES ('2011099','м •лҸҷм„ ','K10','JEONG, DONGSUN','','2011','MF','9','',STR_TO_DATE('15-MAR-1988','%d-%b-%Y'),'1','170','65');
INSERT INTO player VALUES ('2010109','мөңкІҪк·ң','K10','CHOI, KUNGGUY','','2010','MF','10','',STR_TO_DATE('10-MAR-1987','%d-%b-%Y'),'1','177','72');
INSERT INTO player VALUES ('2010111','мөңлӮҙмІ ','K10','CHOI, RAECHEOL','','2010','MF','24','',STR_TO_DATE('20-AUG-1987','%d-%b-%Y'),'1','177','71');
INSERT INTO player VALUES ('2012048','л°°м„ұмһ¬','K10','BAE, SUNGJAE','','2012','MF','28','',STR_TO_DATE('01-JUL-1989','%d-%b-%Y'),'1','178','74');
INSERT INTO player VALUES ('2012121','мғҙ','K10','','','','MF','25','',STR_TO_DATE('30-APR-1989','%d-%b-%Y'),'1','174','69');
INSERT INTO player VALUES ('2012136','мҳӨл№„лӮҳ','K10','','','','MF','26','',STR_TO_DATE('03-JUN-1990','%d-%b-%Y'),'1','169','70');
INSERT INTO player VALUES ('2010056','к№ҖкҙҖмҡ°','K10','KIM, KWANWOO','SIRIUS','2010','MF','8','',STR_TO_DATE('25-FEB-1988','%d-%b-%Y'),'1','175','69');
INSERT INTO player VALUES ('2012050','к№Җкҙ‘м§„','K10','KIM, KWANGJIN','','2012','MF','13','',STR_TO_DATE('27-MAY-1982','%d-%b-%Y'),'1','175','75');
INSERT INTO player VALUES ('2010113','к№ҖмғҒк·ң','K10','KIM, SANGKYU','','2010','MF','27','',STR_TO_DATE('05-SEP-1987','%d-%b-%Y'),'1','175','65');
INSERT INTO player VALUES ('2009151','мһ„мҳҒмЈј','K10','LIM, YOUNGJOO','','2009','MF','23','',STR_TO_DATE('08-MAR-1986','%d-%b-%Y'),'2','176','68');
INSERT INTO player VALUES ('2011101','л°•мҳҒнӣҲ','K10','PARK, YOUNGHOON','','2011','MF','12','',STR_TO_DATE('01-MAY-1985','%d-%b-%Y'),'1','174','73');
INSERT INTO player VALUES ('2008178','н•ңм •көӯ','K10','HAN, JUNGKOOK','','2011','MF','19','',STR_TO_DATE('19-JUL-1981','%d-%b-%Y'),'1','179','71');
INSERT INTO player VALUES ('2012046','м •кҙ‘м„ ','K10','JEONG, KWANGSUN','','2012','FW','32','',STR_TO_DATE('17-JUN-1993','%d-%b-%Y'),'1','175','68');
INSERT INTO player VALUES ('2007315','м •мқҖмӨ‘','K10','JEONG, EUNJUNG','мғӨн”„(SHARP)','2007','FW','18','',STR_TO_DATE('08-APR-1989','%d-%b-%Y'),'2','184','72');
INSERT INTO player VALUES ('2009152','м •м°¬мӨ‘','K10','JEONG. CHANJOONG','','2009','FW','17','',STR_TO_DATE('14-JUN-1986','%d-%b-%Y'),'2','182','72');
INSERT INTO player VALUES ('2011032','к№Җм„қ','K10','KIM, SEOK','','2012','FW','20','',STR_TO_DATE('01-FEB-1989','%d-%b-%Y'),'1','194','85');
INSERT INTO player VALUES ('2011100','нғҒмӨҖм„қ','K10','TAK, JUNSUK','','2011','FW','11','',STR_TO_DATE('24-MAR-1988','%d-%b-%Y'),'1','178','69');
INSERT INTO player VALUES ('2000011','м •нҳёкіӨ','K06','','','2010','DF','','',STR_TO_DATE('26-MAR-1971','%d-%b-%Y'),'1','172','77');
INSERT INTO player VALUES ('2000012','мөңкІҪнӣҲ','K06','','','','DF','','',STR_TO_DATE('19-JAN-1971','%d-%b-%Y'),'1','','');
INSERT INTO player VALUES ('2000013','м •лҸҷнӣҲ','K06','','','2010','DF','','',STR_TO_DATE('11-JUN-1975','%d-%b-%Y'),'1','180','88');
INSERT INTO player VALUES ('2000014','м •лӮЁн‘ң','K06','','','2005','DF','','',STR_TO_DATE('27-JAN-1974','%d-%b-%Y'),'2','180','77');
INSERT INTO player VALUES ('2000015','м •кҙ‘мһ¬','K06','','','2005','DF','','',STR_TO_DATE('30-MAY-1978','%d-%b-%Y'),'2','180','75');
INSERT INTO player VALUES ('2000016','к¶ҢнҳҒмӨҖ','K06','','','2006','DF','','',STR_TO_DATE('22-MAY-1980','%d-%b-%Y'),'1','173','82');
INSERT INTO player VALUES ('2011052','м •кІҪм§„','K06','','мһ„кәҪм •','2011','GK','41','',STR_TO_DATE('07-FEB-1988','%d-%b-%Y'),'2','186','78');
INSERT INTO player VALUES ('2012076','м •мҡ©лҢҖ','K06','','','2012','GK','40','',STR_TO_DATE('11-OCT-1989','%d-%b-%Y'),'1','189','83');
INSERT INTO player VALUES ('2010108','м •м§ҖнҳҒ','K06','','','2010','GK','31','',STR_TO_DATE('22-NOV-1991','%d-%b-%Y'),'1','187','77');
INSERT INTO player VALUES ('2010059','л°•мң м„қ','K06','','н„°н”„к°Җмқҙ','2010','GK','1','',STR_TO_DATE('10-JUN-1987','%d-%b-%Y'),'2','186','78');
INSERT INTO player VALUES ('2011053','м •м§„мҡ°','K06','','н„°н”„к°Җмқҙ','2011','DF','33','',STR_TO_DATE('28-FEB-1993','%d-%b-%Y'),'1','180','76');
INSERT INTO player VALUES ('2007185','м •н•ҷмІ ','K06','','','2005','DF','3','',STR_TO_DATE('07-NOV-1982','%d-%b-%Y'),'2','176','73');
INSERT INTO player VALUES ('2007193','лҘҳлі‘нӣҲ','K06','','','2005','DF','17','',STR_TO_DATE('03-JUL-1986','%d-%b-%Y'),'2','184','68');
INSERT INTO player VALUES ('2011055','мөңмӨҖнҷҚ','K06','','л§җлЁёлҰ¬','2011','DF','2','',STR_TO_DATE('13-APR-1988','%d-%b-%Y'),'1','178','70');
INSERT INTO player VALUES ('2011046','м„ңмҡ©нҳҒ','K06','','н„°н”„к°Җмқҙ','2011','DF','34','',STR_TO_DATE('02-JUL-1988','%d-%b-%Y'),'1','183','79');
INSERT INTO player VALUES ('2010058','мӢ¬мһ¬мӣҗ','K06','','лҸ„лӮ л“ң лҚ•','2010','DF','5','',STR_TO_DATE('11-MAR-1987','%d-%b-%Y'),'1','184','77');
INSERT INTO player VALUES ('2007123','к№Җмһ„мғқ','K04','','','','DF','20','',STR_TO_DATE('17-NOV-1981','%d-%b-%Y'),'1','183','80');
INSERT INTO player VALUES ('2007022','мһҘнҳ•м„қ','K04','','','','DF','36','',STR_TO_DATE('07-JUL-1982','%d-%b-%Y'),'1','181','72');
INSERT INTO player VALUES ('2012058','л°•м§„м„ұ','K04','','','','DF','35','',STR_TO_DATE('10-AUG-1993','%d-%b-%Y'),'1','184','76');
INSERT INTO player VALUES ('2009125','мқҙкұ°лЈ©','K04','','','','DF','4','',STR_TO_DATE('26-JUN-1986','%d-%b-%Y'),'1','183','77');
INSERT INTO player VALUES ('2010001','мқҙм •лҜј','K04','','','','DF','3','',STR_TO_DATE('07-OCT-1987','%d-%b-%Y'),'1','183','78');
INSERT INTO player VALUES ('2012134','нҺҳлҘҙлӮңлҸ„','K04','','','','DF','44','',STR_TO_DATE('24-FEB-1988','%d-%b-%Y'),'1','178','74');
INSERT INTO player VALUES ('2000094','к№Җл¬ҙкұҙ','K03','KIM, MUGYUN','','','DF','','',STR_TO_DATE('18-MAR-1971','%d-%b-%Y'),'1','','');
INSERT INTO player VALUES ('2007001','м •лі‘м§Җ','K03','JEONG, BYUNGJI','','2011','GK','1','',STR_TO_DATE('08-APR-1980','%d-%b-%Y'),'1','184','77');
INSERT INTO player VALUES ('2011069','мөңмЈјнҳё','K03','CHOI, JUHO','','2011','GK','51','',STR_TO_DATE('16-JUL-1992','%d-%b-%Y'),'1','185','75');
INSERT INTO player VALUES ('2007130','к№ҖлҢҖнқ¬','K03','KIM, DAEHEE','','2010','GK','31','',STR_TO_DATE('26-APR-1984','%d-%b-%Y'),'1','192','88');
INSERT INTO player VALUES ('2009133','к№ҖмӨҖнҳё','K03','KIM, JUNHO','','2009','GK','21','',STR_TO_DATE('28-APR-1983','%d-%b-%Y'),'1','185','77');
INSERT INTO player VALUES ('2011065','н—Ҳмқёл¬ҙ','K03','HEO, INMOO','','2011','GK','41','',STR_TO_DATE('14-APR-1988','%d-%b-%Y'),'1','187','81');
INSERT INTO player VALUES ('2011056','к°•мҡ©','K03','KANG, YONG','','2011','DF','2','',STR_TO_DATE('14-JAN-1989','%d-%b-%Y'),'1','179','72');
INSERT INTO player VALUES ('2007080','кі лі‘мҡҙ','K03','GO, BYUNGWOON','','2006','DF','16','',STR_TO_DATE('28-SEP-1983','%d-%b-%Y'),'1','180','73');
INSERT INTO player VALUES ('2012069','м •кҙ‘м„қ','K03','JEONG, KWANGSUK','','2012','DF','39','',STR_TO_DATE('12-FEB-1993','%d-%b-%Y'),'1','183','72');
INSERT INTO player VALUES ('2007002','м •мғҒнӣҲ','K03','JEONG, SANGHUN','','2006','DF','13','',STR_TO_DATE('08-JUN-1983','%d-%b-%Y'),'1','183','76');
INSERT INTO player VALUES ('2012062','м •м„қмҡ°','K03','JEONG, SEOKWOO','','2012','DF','32','',STR_TO_DATE('06-MAY-1993','%d-%b-%Y'),'1','181','72');
INSERT INTO player VALUES ('2009139','м •мқҖм„қ','K03','JEONG, EUNSEOK','','2009','DF','5','',STR_TO_DATE('14-MAR-1982','%d-%b-%Y'),'1','185','80');
INSERT INTO player VALUES ('2009030','мөңлҜјм„ң','K03','CHOI, MINSEO','','2009','DF','3','',STR_TO_DATE('24-AUG-1986','%d-%b-%Y'),'2','180','78');
INSERT INTO player VALUES ('2012064','м„ұмў…нҳ„','K03','SUNG, JONGHUN','','2012','DF','34','',STR_TO_DATE('02-APR-1989','%d-%b-%Y'),'1','178','74');
INSERT INTO player VALUES ('2008468','мӢёл№…','K03','Jasenko Sabitovic','','2007','DF','4','',STR_TO_DATE('29-MAR-1983','%d-%b-%Y'),'1','185','78');
INSERT INTO player VALUES ('2007277','мҳӨлӘ…кҙҖ','K03','OH, MYUNGKWAN','','2008','DF','15','',STR_TO_DATE('29-APR-1984','%d-%b-%Y'),'1','185','76');
INSERT INTO player VALUES ('2012063','к№ҖлҸҷмӢқ','K03','KIM, DONGSIK','','2012','MF','33','',STR_TO_DATE('15-MAR-1989','%d-%b-%Y'),'1','183','77');
INSERT INTO player VALUES ('2012067','к№ҖмҲҳкёё','K03','KIM, SOOKIL','','2012','DF','37','',STR_TO_DATE('09-APR-1989','%d-%b-%Y'),'1','179','69');
INSERT INTO player VALUES ('2008444','к№ҖмҠ№м—Ҫ','K03','KIM, SEUNGYUB','','2008','DF','12','',STR_TO_DATE('12-OCT-1985','%d-%b-%Y'),'1','180','74');
INSERT INTO player VALUES ('2007101','к№Җмў…нҷ”','K03','','','','DF','25','',STR_TO_DATE('04-APR-1984','%d-%b-%Y'),'1','182','76');
INSERT INTO player VALUES ('2007190','н•ҳм„қмЈј','K03','HA, SEOKJU','','2011','DF','17','',STR_TO_DATE('20-FEB-1978','%d-%b-%Y'),'1','174','71');
INSERT INTO player VALUES ('2010065','н—Ҳм ңм •','K03','HEO, JAEJUNG','','2010','DF','29','',STR_TO_DATE('02-JUN-1987','%d-%b-%Y'),'1','175','70');
INSERT INTO player VALUES ('2007096','нҷҚлӘ…ліҙ','K03','HONG, MYUNGBO','','2012','DF','20','',STR_TO_DATE('12-FEB-1979','%d-%b-%Y'),'1','181','72');
INSERT INTO player VALUES ('2008472','м •кё°лӮЁ','K03','JEONG, KINAM','','2010','MF','6','',STR_TO_DATE('18-JAN-1981','%d-%b-%Y'),'1','174','72');
INSERT INTO player VALUES ('2011059','м •мғҒлЎқ','K03','JEONG, SANGROK','','2011','MF','14','',STR_TO_DATE('25-FEB-1989','%d-%b-%Y'),'1','173','63');
INSERT INTO player VALUES ('2011068','лӮҳнқ¬к·ј','K03','NA, HEEKEUN','','2011','FW','22','',STR_TO_DATE('05-MAY-1989','%d-%b-%Y'),'1','178','72');
INSERT INTO player VALUES ('2012133','л ҲмҳӨ','K03','','','','MF','45','',STR_TO_DATE('22-OCT-1984','%d-%b-%Y'),'1','179','74');
INSERT INTO player VALUES ('2012124','л©”лҸ„','K03','Medvid Ivan','','2012','MF','44','',STR_TO_DATE('13-OCT-1987','%d-%b-%Y'),'1','180','78');
INSERT INTO player VALUES ('2012068','мөңкёёмҳҒ','K03','CHOI, KILYOUNG','','2012','MF','38','',STR_TO_DATE('04-FEB-1990','%d-%b-%Y'),'1','172','64');
INSERT INTO player VALUES ('2008203','мөңмғҒмқё','K03','CHOI, SANGIN','','2005','DF','27','',STR_TO_DATE('10-MAR-1986','%d-%b-%Y'),'1','174','63');
INSERT INTO player VALUES ('2011131','мҳҗлқј','K03','Josko Jelicic','','2012','MF','8','',STR_TO_DATE('05-JAN-1981','%d-%b-%Y'),'1','184','79');
INSERT INTO player VALUES ('2011061','мң нҳ„кө¬','K03','YOU, HYUNGOO','','2011','MF','26','',STR_TO_DATE('25-JAN-1993','%d-%b-%Y'),'1','170','68');
INSERT INTO player VALUES ('2009033','к№Җкё°л¶Җ','K03','KIM, KIBU','','2009','MF','18','',STR_TO_DATE('16-MAR-1986','%d-%b-%Y'),'2','183','76');
INSERT INTO player VALUES ('2012070','к№ҖмғҒмқё','K03','KIM, SANGIN','','2012','DF','40','',STR_TO_DATE('11-JUL-1989','%d-%b-%Y'),'1','178','70');
INSERT INTO player VALUES ('2011062','к№Җм •мҡҙ','K03','KIM, JUNGWOON','','2011','MF','19','',STR_TO_DATE('19-APR-1988','%d-%b-%Y'),'1','178','70');
INSERT INTO player VALUES ('2012071','к№ҖмӨ‘к·ң','K03','KIM, JUNGJYU','','2012','MF','42','',STR_TO_DATE('06-JUN-1989','%d-%b-%Y'),'1','170','64');
INSERT INTO player VALUES ('2012066','к№Җм°Ҫнҳё','K03','KIM, CHANGHO','','2012','MF','36','',STR_TO_DATE('15-MAR-1991','%d-%b-%Y'),'1','175','75');
INSERT INTO player VALUES ('2011063','мқҙмў…лІ”','K03','LEE, JONGBUM','','2011','MF','24','',STR_TO_DATE('27-MAR-1988','%d-%b-%Y'),'1','178','68');
INSERT INTO player VALUES ('2012061','лӮЁмқөкІҪ','K03','NAM, IKKYUNG','','2012','MF','30','',STR_TO_DATE('26-JAN-1993','%d-%b-%Y'),'1','177','70');
INSERT INTO player VALUES ('2011064','мңӨліҙмҳҒ','K03','YOON, BOYOUNG','','2011','FW','23','',STR_TO_DATE('29-APR-1988','%d-%b-%Y'),'1','177','63');
INSERT INTO player VALUES ('2008443','к№ҖлҸҷкөӯ','K03','KIM, DONGGOOK','','2008','FW','10','',STR_TO_DATE('29-APR-1989','%d-%b-%Y'),'1','185','80');
INSERT INTO player VALUES ('2012060','л°•мў…мҷ„','K03','PARK, JONGWAN','','2012','DF','28','',STR_TO_DATE('05-AUG-1993','%d-%b-%Y'),'1','188','82');
INSERT INTO player VALUES ('2012059','к№Җм§•мҡ”','K03','Jorge Claudio','','2011','FW','7','лёҢлқјм§Ҳ',STR_TO_DATE('01-OCT-1985','%d-%b-%Y'),'1','174','70');
INSERT INTO player VALUES ('2010044','мқҙмІ мҡ°','K03','LEE, CHULWOO','','2010','FW','9','',STR_TO_DATE('30-NOV-1987','%d-%b-%Y'),'1','185','78');
INSERT INTO player VALUES ('2011057','мҪ”лӮң','K03','Goram Petreski','','2010','FW','11','',STR_TO_DATE('23-MAY-1982','%d-%b-%Y'),'1','180','76');
INSERT INTO player VALUES ('2000095','м •лҜјк·ң','K03','JEONG, MINJYU','','2012','MF','35','',STR_TO_DATE('29-SEP-1989','%d-%b-%Y'),'1','178','71');
INSERT INTO player VALUES ('2000062','м ңнҳ•м§„','K01','JAE, HYUNGJIN','','2012','DF','38','',STR_TO_DATE('25-JUN-1989','%d-%b-%Y'),'1','179','75');
INSERT INTO player VALUES ('2000063','кіҪкё°нӣҲ','K01','KWAK, KIHOON','','2012','FW','33','',STR_TO_DATE('05-NOV-1989','%d-%b-%Y'),'1','177','72');
INSERT INTO player VALUES ('2000064','мөңлҜјмҳҒ','K01','CHOI, MINYOUNG','','2010','FW','37','',STR_TO_DATE('07-MAR-1991','%d-%b-%Y'),'1','174','67');
INSERT INTO player VALUES ('2000071','к№ҖнҡҢнғқ','K07','','','','DF','','',STR_TO_DATE('11-OCT-1976','%d-%b-%Y'),'1','','');
INSERT INTO player VALUES ('2000072','м„ңнҳ„мҳҘ','K07','','','','DF','','',STR_TO_DATE('27-OCT-1979','%d-%b-%Y'),'1','','');
INSERT INTO player VALUES ('2000073','м •мғҒнҳё','K07','','','','DF','','',STR_TO_DATE('05-OCT-1974','%d-%b-%Y'),'1','','');
INSERT INTO player VALUES ('2000074','мөңмІ мҡ°','K07','','','','DF','','',STR_TO_DATE('29-SEP-1975','%d-%b-%Y'),'1','','');
INSERT INTO player VALUES ('2012081','м •мҳҒкҙ‘','K07','','','','GK','41','',STR_TO_DATE('28-JUN-1993','%d-%b-%Y'),'1','185','80');
INSERT INTO player VALUES ('2007227','мөңмў…л¬ё','K07','','','','GK','1','',STR_TO_DATE('02-OCT-1980','%d-%b-%Y'),'1','185','76');
INSERT INTO player VALUES ('2012088','м—јлҸҷк· ','K07','','','','GK','31','',STR_TO_DATE('06-SEP-1993','%d-%b-%Y'),'1','189','83');
INSERT INTO player VALUES ('2012089','к№Җм •лһҳ','K07','','','','GK','33','',STR_TO_DATE('12-NOV-1989','%d-%b-%Y'),'1','185','81');
INSERT INTO player VALUES ('2008212','к°•мІ ','K07','','','','DF','3','',STR_TO_DATE('02-NOV-1981','%d-%b-%Y'),'1','178','72');
INSERT INTO player VALUES ('2012077','м •к°•м„ ','K07','','','','DF','37','',STR_TO_DATE('23-MAY-1989','%d-%b-%Y'),'1','180','73');
INSERT INTO player VALUES ('2012083','м •мқёнҳё','K07','','','','DF','39','',STR_TO_DATE('09-JUN-1993','%d-%b-%Y'),'1','184','79');
INSERT INTO player VALUES ('2007213','м •нғңмҳҒ','K07','','','','DF','7','',STR_TO_DATE('08-NOV-1980','%d-%b-%Y'),'1','180','74');
INSERT INTO player VALUES ('2007209','м •нҳ„мҲҳ','K07','','','','DF','21','',STR_TO_DATE('14-FEB-1983','%d-%b-%Y'),'1','176','74');
INSERT INTO player VALUES ('2012084','м •нҳ•мЈј','K07','','','','DF','42','',STR_TO_DATE('23-JUN-1989','%d-%b-%Y'),'1','','');
INSERT INTO player VALUES ('2012085','м •нҷҚмІ ','K07','','','','DF','36','',STR_TO_DATE('02-JUN-1989','%d-%b-%Y'),'1','181','69');
INSERT INTO player VALUES ('2008359','л§ҲмӢңм—ҳ','K07','','','','DF','24','',STR_TO_DATE('15-MAR-1982','%d-%b-%Y'),'1','177','70');
INSERT INTO player VALUES ('2011034','к№Җм°Ҫмӣҗ','K07','','','','DF','5','',STR_TO_DATE('10-JUL-1985','%d-%b-%Y'),'1','183','75');
INSERT INTO player VALUES ('2012090','мһҘкІҪм§„','K07','','','','DF','34','',STR_TO_DATE('31-AUG-1993','%d-%b-%Y'),'1','184','82');
INSERT INTO player VALUES ('2008425','мЈјмҳҒнҳё','K07','','','','DF','6','',STR_TO_DATE('24-OCT-1985','%d-%b-%Y'),'1','185','80');
INSERT INTO player VALUES ('2012092','нҷҚм„ұмҡ”','K07','','','','DF','28','',STR_TO_DATE('26-MAY-1989','%d-%b-%Y'),'1','184','78');
INSERT INTO player VALUES ('2009115','м •кІҪмқј','K07','','','','MF','49','',STR_TO_DATE('30-AUG-1990','%d-%b-%Y'),'1','170','65');
INSERT INTO player VALUES ('2011035','м •кёёмӢқ','K07','','','','MF','12','',STR_TO_DATE('24-AUG-1988','%d-%b-%Y'),'1','178','72');
INSERT INTO player VALUES ('2010030','м •лӮЁмқј','K07','','','','MF','4','',STR_TO_DATE('14-MAR-1987','%d-%b-%Y'),'1','182','76');
INSERT INTO player VALUES ('2010032','м •лҢҖмҡұ','K07','','','','MF','18','',STR_TO_DATE('02-APR-1988','%d-%b-%Y'),'1','182','73');
INSERT INTO player VALUES ('2007210','м •лҸ„к·ј','K07','','','','MF','10','',STR_TO_DATE('02-MAR-1982','%d-%b-%Y'),'2','181','69');
INSERT INTO player VALUES ('2012078','м •лҸҷнқ¬','K07','','','','MF','38','',STR_TO_DATE('06-MAY-1993','%d-%b-%Y'),'1','174','64');
INSERT INTO player VALUES ('2007102','м •лӘ…кіӨ','K07','','','','MF','2','',STR_TO_DATE('15-APR-1984','%d-%b-%Y'),'1','177','73');
INSERT INTO player VALUES ('2012079','м •м„ұм§„','K07','','','','MF','44','',STR_TO_DATE('20-JAN-1989','%d-%b-%Y'),'1','178','68');
INSERT INTO player VALUES ('2012080','м •мҠ№нҳ„','K07','','','','MF','26','',STR_TO_DATE('17-AUG-1989','%d-%b-%Y'),'1','181','71');
INSERT INTO player VALUES ('2012082','м •мҡ”нҷҳ','K07','','','','MF','25','',STR_TO_DATE('23-MAY-1987','%d-%b-%Y'),'1','170','62');
INSERT INTO player VALUES ('2009100','м •м •кІё','K07','','','','MF','13','',STR_TO_DATE('09-JUN-1986','%d-%b-%Y'),'2','172','65');
INSERT INTO player VALUES ('2008428','м •мў…нҳ„','K07','','','','MF','11','',STR_TO_DATE('10-JUL-1983','%d-%b-%Y'),'1','173','68');
INSERT INTO player VALUES ('2012086','л…ёлі‘мӨҖ','K07','','','','MF','22','',STR_TO_DATE('29-SEP-1989','%d-%b-%Y'),'1','177','67');
INSERT INTO player VALUES ('2012087','мөңмў…мҡ°','K07','','','','MF','43','',STR_TO_DATE('11-APR-1989','%d-%b-%Y'),'1','176','69');
INSERT INTO player VALUES ('2007305','мЎ°м§„мӣҗ','K07','','','','MF','9','',STR_TO_DATE('27-SEP-1984','%d-%b-%Y'),'1','176','75');
INSERT INTO player VALUES ('2012132','мӢӨл°”','K07','','','','MF','45','',STR_TO_DATE('20-JUN-1987','%d-%b-%Y'),'1','173','67');
INSERT INTO player VALUES ('2010031','мңӨм •м¶ҳ','K07','','','','MF','15','',STR_TO_DATE('08-AUG-1987','%d-%b-%Y'),'1','168','60');
INSERT INTO player VALUES ('2011127','к№Җл°ҳ','K07','','','','MF','14','',STR_TO_DATE('27-OCT-1984','%d-%b-%Y'),'1','174','69');
INSERT INTO player VALUES ('2011038','к№ҖмҳҒмҲҳ','K07','','','','MF','30','',STR_TO_DATE('30-JUL-1988','%d-%b-%Y'),'1','175','65');
INSERT INTO player VALUES ('2008423','мһ„кҙҖмӢқ','K07','','','','MF','29','',STR_TO_DATE('28-JUL-1985','%d-%b-%Y'),'1','172','68');
INSERT INTO player VALUES ('2011036','мқҙм •нҳё','K07','','','','MF','23','',STR_TO_DATE('06-APR-1988','%d-%b-%Y'),'1','176','71');
INSERT INTO player VALUES ('2011039','н•ҳкё°мңӨ','K07','','','','MF','32','',STR_TO_DATE('10-MAR-1992','%d-%b-%Y'),'1','180','65');
INSERT INTO player VALUES ('2010003','м •лҢҖмІ ','K07','','','','FW','20','',STR_TO_DATE('26-AUG-1987','%d-%b-%Y'),'1','183','78');
INSERT INTO player VALUES ('2010154','кј¬л Ҳм•„','K07','','','','FW','16','',STR_TO_DATE('23-AUG-1984','%d-%b-%Y'),'1','172','70');
INSERT INTO player VALUES ('2007214','л…ёмғҒлһҳ','K07','','','','FW','8','',STR_TO_DATE('15-DEC-1980','%d-%b-%Y'),'1','175','74');
INSERT INTO player VALUES ('2009149','м„ұн•ңмҲҳ','K07','','','','FW','40','',STR_TO_DATE('10-MAR-1986','%d-%b-%Y'),'2','177','69');
INSERT INTO player VALUES ('2009161','м„ёмһҗлҘҙ','K07','','','','FW','17','',STR_TO_DATE('09-DEC-1983','%d-%b-%Y'),'1','180','78');
INSERT INTO player VALUES ('2012032','мЎ°лі‘нҳё','K07','','','','FW','27','',STR_TO_DATE('26-APR-1987','%d-%b-%Y'),'1','177','75');
INSERT INTO player VALUES ('2011120','м°ҢмҪ”','K07','','','','FW','27','',STR_TO_DATE('26-JAN-1985','%d-%b-%Y'),'1','180','67');
INSERT INTO player VALUES ('2010037','н•ҳм„ұлЈЎ','K07','','','','FW','35','',STR_TO_DATE('03-FEB-1992','%d-%b-%Y'),'1','179','68');
INSERT INTO player VALUES ('2012091','нҷҚліөн‘ң','K07','','','','FW','19','',STR_TO_DATE('28-OCT-1989','%d-%b-%Y'),'1','182','73');
INSERT INTO player VALUES ('2000081','к№ҖмңӨнҷҳ','K05','','','','DF','','',STR_TO_DATE('24-MAY-1971','%d-%b-%Y'),'1','','');
INSERT INTO player VALUES ('2000082','м •мқҖмІ ','K05','','','','DF','','',STR_TO_DATE('26-MAY-1978','%d-%b-%Y'),'1','','');
INSERT INTO player VALUES ('2000083','к№ҖкІҪм¶ҳ','K05','','','','DF','','',STR_TO_DATE('14-APR-1979','%d-%b-%Y'),'1','','');
INSERT INTO player VALUES ('2000084','мөңлҸҷмҡ°','K05','','','','DF','','',STR_TO_DATE('03-NOV-1980','%d-%b-%Y'),'1','','');
INSERT INTO player VALUES ('2000085','м „лӘ…кө¬','K05','','','','DF','','',STR_TO_DATE('16-MAR-1979','%d-%b-%Y'),'1','','');
INSERT INTO player VALUES ('2000086','л°•кІҪм№ҳ','K05','','','','DF','','',STR_TO_DATE('06-JAN-1979','%d-%b-%Y'),'1','','');
INSERT INTO player VALUES ('2007106','м •мқҙм„ӯ','K05','JEONG, ISUB','мҫҢлӮЁ','2012','GK','45','',STR_TO_DATE('06-APR-1984','%d-%b-%Y'),'1','185','78');
INSERT INTO player VALUES ('2012007','мөңкҙҖлҜј','K05','CHOI, KWANMIN','','2012','GK','31','',STR_TO_DATE('26-MAY-1989','%d-%b-%Y'),'1','188','85');
INSERT INTO player VALUES ('2008179','мөңлҸҷмҡ°','K05','','','','GK','60','',STR_TO_DATE('03-NOV-1980','%d-%b-%Y'),'1','187','78');
INSERT INTO player VALUES ('2008138','к№Җмҡ©л°ң','K05','KIM, YONGBAL','','2004','GK','18','',STR_TO_DATE('15-MAR-1983','%d-%b-%Y'),'1','183','77');
INSERT INTO player VALUES ('2012006','к№Җм°ҪлҜј','K05','KIM, CHANGMIN','кі лҰҙлқј','2012','GK','1','',STR_TO_DATE('25-JAN-1990','%d-%b-%Y'),'1','191','87');
INSERT INTO player VALUES ('2010010','м •лҢҖкұҙ','K05','JEONG, DAEKEON','','2010','DF','26','',STR_TO_DATE('27-APR-1987','%d-%b-%Y'),'1','183','78');
INSERT INTO player VALUES ('2007159','м •лҙүнҳ„','K05','JEONG, BONGHYUN','','2005','MF','23','',STR_TO_DATE('07-JUL-1984','%d-%b-%Y'),'1','188','74');
INSERT INTO player VALUES ('2012009','м •м°ҪлҜј','K05','JEONG, CHANGMIN','м•јмғқл§Ҳ','2012','DF','36','',STR_TO_DATE('22-SEP-1989','%d-%b-%Y'),'1','181','68');
INSERT INTO player VALUES ('2012005','мөңлҸҷнҳҒ','K05','CHOI, DONGHYUK','л°ұнҳё','2012','DF','23','',STR_TO_DATE('18-APR-1989','%d-%b-%Y'),'1','185','78');
INSERT INTO player VALUES ('2012012','л°ұмқём„қ','K05','BAEK, INSEOK','л–Ўл§Ё','2012','MF','40','',STR_TO_DATE('08-AUG-1989','%d-%b-%Y'),'1','179','72');
INSERT INTO player VALUES ('2008391','м„ңнҳҒмҲҳ','K05','SEO, HYUKSU','л§·лҸҢ','2008','DF','6','',STR_TO_DATE('01-OCT-1983','%d-%b-%Y'),'1','178','77');
INSERT INTO player VALUES ('2012004','м•Ҳкҙ‘нҳё','K05','AN, KWANGHO','мҷ•к№Ў','2012','DF','15','',STR_TO_DATE('10-JAN-1989','%d-%b-%Y'),'1','190','78');
INSERT INTO player VALUES ('2009076','мһ„мў…нӣҲ','K05','LIM, HONGHUN','кәјмӢң','2009','DF','31','',STR_TO_DATE('14-JUN-1986','%d-%b-%Y'),'1','182','74');
INSERT INTO player VALUES ('2007148','мқҙм§„мІ ','K05','LEE, JINCHEUL','','2006','DF','4','',STR_TO_DATE('26-MAR-1981','%d-%b-%Y'),'1','187','75');
INSERT INTO player VALUES ('2009061','н•ңмў…м„ұ','K05','HAN, JONGSUNG','','2009','DF','13','',STR_TO_DATE('30-JAN-1987','%d-%b-%Y'),'1','177','70');
INSERT INTO player VALUES ('2009160','нҳём ңлҰ¬мҳӨ','K05','Rogerio Prateat','м ҖмҠ№мӮ¬мһҗ','2009','DF','3','',STR_TO_DATE('09-MAR-1983','%d-%b-%Y'),'1','185','85');
INSERT INTO player VALUES ('2007031','нҷ©мҠ№мЈј','K05','','','','DF','98','',STR_TO_DATE('09-MAY-1982','%d-%b-%Y'),'1','176','68');
INSERT INTO player VALUES ('2010023','кі кҙҖмҳҒ','K05','KO, KWANYOUNG','к№Ңмҡ°','2010','MF','32','',STR_TO_DATE('07-DEC-1991','%d-%b-%Y'),'1','180','72');
INSERT INTO player VALUES ('2007155','м •кІҪлҹү','K05','JEONG, KYUNGRYANG','','2006','MF','19','',STR_TO_DATE('22-DEC-1983','%d-%b-%Y'),'1','173','65');
INSERT INTO player VALUES ('2010025','м •мқҖмқө','K05','','','','MF','35','',STR_TO_DATE('09-MAR-1991','%d-%b-%Y'),'1','176','63');
INSERT INTO player VALUES ('2012001','л ҲмҳӨл§ҲлҘҙ','K05','Leomar Leiria','л ҲмҳӨ','2012','MF','5','',STR_TO_DATE('26-JUN-1981','%d-%b-%Y'),'1','183','77');
INSERT INTO player VALUES ('2008269','лӘ…мһ¬мҡ©','K05','MYUNG, JAEYOENG','','2007','MF','7','',STR_TO_DATE('26-FEB-1983','%d-%b-%Y'),'2','173','63');
INSERT INTO player VALUES ('2007149','ліҖмһ¬м„ӯ','K05','BYUN, JAESUB','мһ‘мқҖнғұнҒ¬','2007','MF','11','',STR_TO_DATE('17-SEP-1985','%d-%b-%Y'),'2','170','63');
INSERT INTO player VALUES ('2012002','ліҙлқ ','K05','Raphael JoseBotti Zacarias Sena','Botti','2012','MF','10','',STR_TO_DATE('23-FEB-1991','%d-%b-%Y'),'1','174','68');
INSERT INTO player VALUES ('2011123','л№„м—җлқј','K05','Vieira','','2011','MF','21','',STR_TO_DATE('25-FEB-1984','%d-%b-%Y'),'1','176','73');
INSERT INTO player VALUES ('2008460','м„ңлҸҷмӣҗ','K05','SEO, DONGWON','','2008','MF','22','',STR_TO_DATE('14-AUG-1985','%d-%b-%Y'),'1','184','78');
INSERT INTO player VALUES ('2010019','м•ҲлҢҖнҳ„','K05','AN, DAEHYUN','','2010','MF','25','',STR_TO_DATE('20-AUG-1987','%d-%b-%Y'),'1','179','72');
INSERT INTO player VALUES ('2010018','м–‘нҳ„м •','K05','YANG, HYUNJUNG','','2010','MF','14','',STR_TO_DATE('25-JUL-1987','%d-%b-%Y'),'1','176','72');
INSERT INTO player VALUES ('2010022','мң мӣҗм„ӯ','K05','YOU, WONSUOB','м•ҷл§Ҳ','2010','MF','37','',STR_TO_DATE('24-MAY-1991','%d-%b-%Y'),'1','180','77');
INSERT INTO player VALUES ('2012008','к№ҖмҲҳмІ ','K05','KIM, SUCHEUL','','2012','MF','34','',STR_TO_DATE('26-MAY-1989','%d-%b-%Y'),'1','171','68');
INSERT INTO player VALUES ('2012013','мһ„лӢӨн•ң','K05','LIM, DAHAN','лӢ¬л§Ҳ','2012','DF','39','',STR_TO_DATE('21-JUL-1989','%d-%b-%Y'),'1','181','67');
INSERT INTO player VALUES ('2007087','м „кІҪмӨҖ','K05','JEON, KYOUNGJOON','','2001','MF','16','',STR_TO_DATE('10-SEP-1983','%d-%b-%Y'),'1','178','68');
INSERT INTO player VALUES ('2010021','мқҙмҳҒнӣҲ','K05','LEE, YOUNGHOON','к№җлҸҢмқҙ','2010','MF','27','',STR_TO_DATE('18-MAR-1991','%d-%b-%Y'),'1','178','71');
INSERT INTO player VALUES ('2011028','м¶”мҡҙкё°','K05','CHOO, WOONKI','мҪ”м•Ңлқј','2011','MF','17','',STR_TO_DATE('03-APR-1988','%d-%b-%Y'),'1','173','69');
INSERT INTO player VALUES ('2008393','н•ҳмқҖмІ ','K05','HA, EUNCHEUL','','2008','MF','29','',STR_TO_DATE('23-JUN-1985','%d-%b-%Y'),'1','176','69');
INSERT INTO player VALUES ('2011030','кі лҜјкё°','K05','GO, MINGI','','2011','FW','24','',STR_TO_DATE('01-JUL-1988','%d-%b-%Y'),'1','178','70');
INSERT INTO player VALUES ('2008143','м •лҸ„нӣҲ','K05','JEONG, DOHOON','нҸӯкІ©кё°','2005','FW','9','',STR_TO_DATE('21-JUL-1980','%d-%b-%Y'),'1','182','77');
INSERT INTO player VALUES ('2012011','м •м—°кұҙ','K05','JEONG, YEONGUN','','2012','FW','44','',STR_TO_DATE('12-MAR-1991','%d-%b-%Y'),'1','188','77');
INSERT INTO player VALUES ('2011002','м •нҳ„кё°','K05','JEONG, HYUNKI','','2011','FW','28','',STR_TO_DATE('19-MAR-1992','%d-%b-%Y'),'1','190','82');
INSERT INTO player VALUES ('2011003','лӮЁк¶ҒлҸ„','K05','NAM, KUNGDO','','2011','FW','33','',STR_TO_DATE('04-JUN-1992','%d-%b-%Y'),'1','186','80');
INSERT INTO player VALUES ('2010101','л¬ёнғңнҳҒ','K05','MOON, TAEHYUK','','2012','FW','41','',STR_TO_DATE('31-MAR-1993','%d-%b-%Y'),'1','178','74');
INSERT INTO player VALUES ('2008392','мөңм„ұл°°','K05','CHOI, SUNGBAE','нқ‘мғҒм–ҙ','2008','FW','8','',STR_TO_DATE('28-NOV-1985','%d-%b-%Y'),'2','181','76');
INSERT INTO player VALUES ('2012125','м—җл“ңл°ҖмҶҗ','K05','Edmilson','EDY','2012','FW','20','',STR_TO_DATE('29-MAY-1978','%d-%b-%Y'),'1','184','79');
INSERT INTO player VALUES ('2012003','мҝ нӮӨ','K05','','','','FW','99','',STR_TO_DATE('30-APR-1981','%d-%b-%Y'),'1','170','76');
INSERT INTO player VALUES ('2000087','м •мқҖмқө','K05','JEONG, EUNIK','','2010','FW','35','',STR_TO_DATE('09-MAR-1991','%d-%b-%Y'),'1','176','65');
INSERT INTO player VALUES ('2000091','мқҙмҲңнҳё','K03','LEE, SOONHO','','','DF','','',STR_TO_DATE('10-JAN-1972','%d-%b-%Y'),'1','','');
INSERT INTO player VALUES ('2000092','мң лҸҷкҙҖ','K03','YOU, DONGKWAN','','','DF','','',STR_TO_DATE('12-MAY-1973','%d-%b-%Y'),'1','','');
INSERT INTO player VALUES ('2000093','л°•кё°лҸҷ','K03','PARK, GIDONG','','','DF','','',STR_TO_DATE('13-MAY-1971','%d-%b-%Y'),'1','','');
INSERT INTO player VALUES ('2011111','к№Җл°ҳмҪ”л№„','K02','','','','MF','47','',STR_TO_DATE('08-FEB-1985','%d-%b-%Y'),'1','185','78');
INSERT INTO player VALUES ('2012020','к№Җм„ мҡ°','K02','KIM, SUNWOO','','','FW','33','',STR_TO_DATE('01-APR-1988','%d-%b-%Y'),'1','174','68');
INSERT INTO player VALUES ('2011074','к№Җм—¬м„ұ','K02','KIM, YEOSUNG','','','MF','36','',STR_TO_DATE('05-JAN-1993','%d-%b-%Y'),'1','179','63');
INSERT INTO player VALUES ('2007064','к№Җмҡ©мҡ°','K02','KIM, YONGWOO','','','FW','27','',STR_TO_DATE('20-JUL-1987','%d-%b-%Y'),'1','175','70');
INSERT INTO player VALUES ('2012019','к№Җмў…лҜј','K02','KIM, JONGMIN','','','MF','30','',STR_TO_DATE('01-SEP-1993','%d-%b-%Y'),'1','174','65');
INSERT INTO player VALUES ('2008437','л°•мҡ©нӣҲ','K02','PARK, YONGHOON','','','MF','9','',STR_TO_DATE('11-MAR-1989','%d-%b-%Y'),'1','175','67');
INSERT INTO player VALUES ('2008436','к№Җл§Ңк·ј','K02','KIM, MANKEUN','','','FW','34','',STR_TO_DATE('28-NOV-1987','%d-%b-%Y'),'1','177','67');
INSERT INTO player VALUES ('2007070','к№Җмһ¬лҜј','K02','KIM, JAEMIN','','','MF','35','',STR_TO_DATE('22-MAY-1988','%d-%b-%Y'),'1','180','71');
INSERT INTO player VALUES ('2007043','к№Җнҳ„л‘җ','K02','KIM, HYUNDOO','','','MF','12','',STR_TO_DATE('23-NOV-1983','%d-%b-%Y'),'1','176','68');
INSERT INTO player VALUES ('2012017','мқҙм„ұмҡ©','K02','LEE, SUNGYONG','','','DF','20','',STR_TO_DATE('25-DEC-1985','%d-%b-%Y'),'1','173','70');
INSERT INTO player VALUES ('2012018','н•ҳнғңк·ј','K02','HA, TAEKEUN','','','MF','29','',STR_TO_DATE('01-JUL-1993','%d-%b-%Y'),'1','182','75');
INSERT INTO player VALUES ('2012122','лҜёнҠёлЎң','K02','Mitrovic Slavisa','','','FW','19','ліҙмҠӨлӢҲм•„',STR_TO_DATE('05-JUL-1987','%d-%b-%Y'),'1','192','89');
INSERT INTO player VALUES ('2007048','мөңкұҙн•ҳ','K02','CHOI, KUNHA','','','FW','18','',STR_TO_DATE('25-JUL-1981','%d-%b-%Y'),'1','180','75');
INSERT INTO player VALUES ('2010168','мӮ°л“ңлЎң','K02','Sandro Cardoso Dos Santos','','','FW','13','лёҢлқјм§Ҳ',STR_TO_DATE('22-MAR-1990','%d-%b-%Y'),'1','182','78');
INSERT INTO player VALUES ('2012023','мңӨнҷ”нҸү','K02','YOON, HWAPYUNG','','','FW','42','',STR_TO_DATE('26-MAR-1993','%d-%b-%Y'),'1','182','74');
INSERT INTO player VALUES ('2012022','к№ҖкҙҖнқ¬','K02','KIM, KWANHEE','','','FW','39','',STR_TO_DATE('29-JUN-1993','%d-%b-%Y'),'1','180','70');
INSERT INTO player VALUES ('2000051','к№Җкҙ‘лһҳ','K09','','','','DF','','',STR_TO_DATE('19-MAR-1974','%d-%b-%Y'),'1','','');
INSERT INTO player VALUES ('2000052','к№Җм¶ҳм„қ','K09','','','','DF','','',STR_TO_DATE('03-FEB-1979','%d-%b-%Y'),'1','','');
INSERT INTO player VALUES ('2000053','мЎ°мһ¬нқ ','K09','','','','DF','','',STR_TO_DATE('26-MAR-1979','%d-%b-%Y'),'1','','');
INSERT INTO player VALUES ('2000054','к№ҖмҳҒм§„','K09','','','','DF','','',STR_TO_DATE('27-OCT-1973','%d-%b-%Y'),'1','','');
INSERT INTO player VALUES ('2000055','м •к·Җнҷ”','K09','','','','DF','','',STR_TO_DATE('15-MAR-1980','%d-%b-%Y'),'1','','');
INSERT INTO player VALUES ('2012094','мөңлҸҷм„қ','K09','','','','GK','1','',STR_TO_DATE('03-MAY-1991','%d-%b-%Y'),'1','190','89');
INSERT INTO player VALUES ('2010125','л°ұлҜјмІ ','K09','','','','GK','21','',STR_TO_DATE('28-JUL-1987','%d-%b-%Y'),'1','185','78');
INSERT INTO player VALUES ('2007236','мЎ°мқҳмҶҗ','K09','','','','GK','44','',STR_TO_DATE('12-JAN-1970','%d-%b-%Y'),'1','192','87');
INSERT INTO player VALUES ('2011018','мҡ°нғңмӢқ','K09','','','','GK','31','',STR_TO_DATE('08-JAN-1993','%d-%b-%Y'),'1','185','75');
INSERT INTO player VALUES ('2010117','м •лҸҷм§„','K09','','','','DF','4','',STR_TO_DATE('29-JAN-1991','%d-%b-%Y'),'1','182','74');
INSERT INTO player VALUES ('2008414','м •м„ұмқј','K09','','','','DF','19','',STR_TO_DATE('13-APR-1984','%d-%b-%Y'),'1','178','75');
INSERT INTO player VALUES ('2012093','м •м№ҳкіӨ','K09','','','','DF','17','',STR_TO_DATE('29-JUL-1993','%d-%b-%Y'),'1','183','76');
INSERT INTO player VALUES ('2012095','мөңмҡ”м…ү','K09','','','','DF','5','',STR_TO_DATE('03-DEC-1990','%d-%b-%Y'),'1','183','75');
INSERT INTO player VALUES ('2010119','мөңмҡ©нҳё','K09','','','','DF','14','',STR_TO_DATE('25-MAR-1991','%d-%b-%Y'),'1','182','69');
INSERT INTO player VALUES ('2007068','мөңм •м„қ','K09','','','','DF','6','',STR_TO_DATE('19-APR-1987','%d-%b-%Y'),'1','182','78');
INSERT INTO player VALUES ('2007266','мҶҗнҳ„мӨҖ','K09','','','','DF','45','',STR_TO_DATE('20-MAR-1982','%d-%b-%Y'),'1','175','70');
INSERT INTO player VALUES ('2011012','м•Ҳм„ұнӣҲ','K09','','','','MF','2','',STR_TO_DATE('11-SEP-1992','%d-%b-%Y'),'1','176','63');
INSERT INTO player VALUES ('2008420','к№ҖмғҒн—Ң','K09','','','','DF','25','',STR_TO_DATE('11-OCT-1985','%d-%b-%Y'),'2','185','80');
INSERT INTO player VALUES ('2012102','л°•м„ұнҳё','K09','','','','DF','34','',STR_TO_DATE('07-APR-1996','%d-%b-%Y'),'1','184','71');
INSERT INTO player VALUES ('2007225','мқҙмңӨм—ҙ','K09','','','','DF','3','',STR_TO_DATE('17-APR-1984','%d-%b-%Y'),'1','185','79');
INSERT INTO player VALUES ('2009048','м •лҸ„мҡ©','K09','','','','MF','40','',STR_TO_DATE('28-MAY-1986','%d-%b-%Y'),'1','168','68');
INSERT INTO player VALUES ('2011072','м •лҜјм„ұ','K09','','','','MF','24','',STR_TO_DATE('28-MAY-1992','%d-%b-%Y'),'1','175','64');
INSERT INTO player VALUES ('2011008','мЎ°мһ¬н•„','K09','','','','MF','41','',STR_TO_DATE('25-MAY-1992','%d-%b-%Y'),'1','180','70');
INSERT INTO player VALUES ('2012096','мЎ°нҳ„көӯ','K09','','','','MF','37','',STR_TO_DATE('21-MAR-1993','%d-%b-%Y'),'1','172','65');
INSERT INTO player VALUES ('2010049','м•Ҳл“ңл Ҳ','K09','','','','MF','18','лёҢлқјм§Ҳ',STR_TO_DATE('16-NOV-1982','%d-%b-%Y'),'1','172','69');
INSERT INTO player VALUES ('2012097','м•ҲмғҒнҳ„','K09','','','','MF','33','',STR_TO_DATE('05-MAR-1996','%d-%b-%Y'),'1','176','67');
INSERT INTO player VALUES ('2012098','мҡ°м§„м„қ','K09','','','','MF','39','',STR_TO_DATE('26-AUG-1989','%d-%b-%Y'),'1','176','70');
INSERT INTO player VALUES ('2007133','мң мғҒмҲҳ','K09','','','','MF','43','',STR_TO_DATE('28-AUG-1983','%d-%b-%Y'),'2','175','67');
INSERT INTO player VALUES ('2010048','к№ҖмҳҒн‘ң','K09','','','','MF','12','',STR_TO_DATE('23-APR-1987','%d-%b-%Y'),'1','176','66');
INSERT INTO player VALUES ('2012100','к№ҖмӨҖкё°','K09','','','','MF','36','',STR_TO_DATE('25-APR-1992','%d-%b-%Y'),'1','183','74');
INSERT INTO player VALUES ('2012101','к№Җм§ҖлӮЁ','K09','','','','MF','42','',STR_TO_DATE('21-NOV-1994','%d-%b-%Y'),'1','183','68');
INSERT INTO player VALUES ('2008413','л°•кҙ‘лҜј','K09','','','','FW','23','',STR_TO_DATE('08-JAN-1986','%d-%b-%Y'),'1','180','70');
INSERT INTO player VALUES ('2009051','л°•м°Ҫк·ј','K09','','','','MF','27','',STR_TO_DATE('10-AUG-1993','%d-%b-%Y'),'2','170','63');
INSERT INTO player VALUES ('2010118','мқҙмӣҗк¶Ң','K09','','','','MF','13','',STR_TO_DATE('08-NOV-1991','%d-%b-%Y'),'1','173','65');
INSERT INTO player VALUES ('2010120','м •лі‘мұ„','K09','','','','FW','15','',STR_TO_DATE('14-APR-1991','%d-%b-%Y'),'1','180','72');
INSERT INTO player VALUES ('2009046','м •м„ұмһ¬','K09','','','','MF','8','',STR_TO_DATE('17-SEP-1986','%d-%b-%Y'),'2','178','72');
INSERT INTO player VALUES ('2012119','лҡңл”°','K09','','','','FW','99','лёҢлқјм§Ҳ',STR_TO_DATE('20-JUN-1984','%d-%b-%Y'),'1','187','84');
INSERT INTO player VALUES ('2012105','л§ҲлҘҙмҪ”','K09','','','','FW','11','лёҢлқјм§Ҳ',STR_TO_DATE('03-DEC-1986','%d-%b-%Y'),'1','175','77');
INSERT INTO player VALUES ('2011005','мөңм„ұнҳё','K09','','','','FW','30','',STR_TO_DATE('27-JUL-1992','%d-%b-%Y'),'1','187','73');
INSERT INTO player VALUES ('2011108','мөңмңӨнҷ”','K09','','','','MF','16','',STR_TO_DATE('13-JUN-1988','%d-%b-%Y'),'1','175','67');
INSERT INTO player VALUES ('2009047','мөңм •нҷҳ','K09','','','','FW','20','',STR_TO_DATE('14-JAN-1987','%d-%b-%Y'),'1','178','70');
INSERT INTO player VALUES ('2009005','мҷ•м •нҳ„','K09','','','','FW','28','',STR_TO_DATE('30-AUG-1986','%d-%b-%Y'),'2','181','73');
INSERT INTO player VALUES ('2012099','к№Җм •мҲҳ','K09','','','','FW','7','',STR_TO_DATE('08-JAN-1990','%d-%b-%Y'),'1','184','74');
INSERT INTO player VALUES ('2012103','к№Җмӣҗкҙ‘','K09','','','','FW','22','',STR_TO_DATE('23-AUG-1995','%d-%b-%Y'),'1','183','68');
INSERT INTO player VALUES ('2009044','м§„мҲңм§„','K09','','','','MF','26','',STR_TO_DATE('01-MAR-1984','%d-%b-%Y'),'2','180','78');
INSERT INTO player VALUES ('2010053','мқҙнғңмҡұ','K09','','','','FW','9','',STR_TO_DATE('13-MAR-1991','%d-%b-%Y'),'1','173','66');
INSERT INTO player VALUES ('2012104','н•ңлҸҷмӣҗ','K09','','','','FW','32','',STR_TO_DATE('06-APR-1996','%d-%b-%Y'),'1','174','61');
INSERT INTO player VALUES ('2011004','н•ңм •нҷ”','K09','','','','FW','29','',STR_TO_DATE('31-OCT-1992','%d-%b-%Y'),'1','173','63');
INSERT INTO player VALUES ('2010164','нһҲм№ҙлҘҙлҸ„','K09','','','','MF','10','лёҢлқјм§Ҳ',STR_TO_DATE('08-JUN-1986','%d-%b-%Y'),'1','189','71');
INSERT INTO player VALUES ('2011082','к¶Ңм •нҳҒ','K01','KWON, JUNGHYUK','','2011','GK','1','',STR_TO_DATE('02-AUG-1988','%d-%b-%Y'),'1','195','80');
INSERT INTO player VALUES ('2009070','мөңм°ҪмЈј','K01','CHOI, CHANGZOO','','2009','GK','40','',STR_TO_DATE('30-SEP-1982','%d-%b-%Y'),'1','187','86');
INSERT INTO player VALUES ('2007020','м„ңлҸҷлӘ…','K01','SEO, DONGMYUNG','','2012','GK','21','',STR_TO_DATE('04-MAY-1984','%d-%b-%Y'),'1','196','94');
INSERT INTO player VALUES ('2008410','м–‘м§Җмӣҗ','K01','YANG, JIWON','','2008','GK','45','',STR_TO_DATE('28-APR-1984','%d-%b-%Y'),'1','181','75');
INSERT INTO player VALUES ('2012039','мқҙл¬ҙлҰј','K01','LEE, MOOLIM','','2012','GK','31','',STR_TO_DATE('15-APR-1989','%d-%b-%Y'),'1','185','79');
INSERT INTO player VALUES ('2012034','м •мңӨкө¬','K01','JEONG, YOONGOO','','2012','DF','20','',STR_TO_DATE('01-SEP-1989','%d-%b-%Y'),'1','182','75');
INSERT INTO player VALUES ('2011106','лҒҢл ҲлІ лҘҙ','K01','Cleber Arild','','2011','DF','3','лёҢлқјм§Ҳ',STR_TO_DATE('21-JAN-1979','%d-%b-%Y'),'1','186','79');
INSERT INTO player VALUES ('2011080','мөңкІҪмӮј','K01','CHOI, GYUNGSAM','','2011','DF','25','',STR_TO_DATE('06-JUN-1988','%d-%b-%Y'),'1','188','74');
INSERT INTO player VALUES ('2007004','мөңмў…мҡұ','K01','CHOI, JONGWOOK','','2007','DF','29','',STR_TO_DATE('11-JAN-1985','%d-%b-%Y'),'1','185','74');
INSERT INTO player VALUES ('2012035','ліҖм„ұнҷҳ','K01','BYUN, SUNGHWAN','','2012','DF','23','',STR_TO_DATE('22-DEC-1989','%d-%b-%Y'),'1','176','69');
INSERT INTO player VALUES ('2008366','мҶҗмғҒнҳё','K01','SON, SANGHO','','2007','DF','28','',STR_TO_DATE('04-MAY-1984','%d-%b-%Y'),'1','187','78');
INSERT INTO player VALUES ('2012044','мң мһ¬нҳ•','K01','YOU, JAEHYUNG','','2012','DF','39','',STR_TO_DATE('24-AUG-1987','%d-%b-%Y'),'1','180','79');
INSERT INTO player VALUES ('2011077','к№Җм„ёк¶Ң','K01','KIM, SAEKWON','','2011','DF','4','',STR_TO_DATE('26-JUN-1988','%d-%b-%Y'),'1','184','80');
INSERT INTO player VALUES ('2009069','н•ҳм„ұмҡ©','K01','HA, SUNGYONG','','2009','DF','43','',STR_TO_DATE('05-OCT-1986','%d-%b-%Y'),'1','179','75');
INSERT INTO player VALUES ('2010082','н•ңм •мқј','K01','HAN, JEUNGIL','','2010','DF','41','',STR_TO_DATE('03-MAR-1987','%d-%b-%Y'),'1','172','65');
INSERT INTO player VALUES ('2010054','м •кұҙнҳ•','K01','JEONG, KUNHYUNG','','2010','MF','17','',STR_TO_DATE('11-SEP-1989','%d-%b-%Y'),'1','176','70');
INSERT INTO player VALUES ('2009058','м •лҸ„к· ','K01','JEONG, DOKYUN','','2009','MF','6','',STR_TO_DATE('13-JAN-1987','%d-%b-%Y'),'1','184','78');
INSERT INTO player VALUES ('2011083','мөңкё°мҡұ','K01','CHOI, KIWOOK','','2011','MF','18','',STR_TO_DATE('22-DEC-1988','%d-%b-%Y'),'1','175','68');
INSERT INTO player VALUES ('2012028','мөңм§„м„ӯ','K01','CHOI, JINSUP','','2012','MF','2','',STR_TO_DATE('11-MAR-1987','%d-%b-%Y'),'1','179','68');
INSERT INTO player VALUES ('2011079','м„ңлҚ•к·ң','K01','SEO, DOUKGUY','','2011','DF','5','',STR_TO_DATE('22-OCT-1988','%d-%b-%Y'),'1','182','72');
INSERT INTO player VALUES ('2012130','м—җл””','K01','Edmilson Alves','','2012','MF','7','лёҢлқјм§Ҳ',STR_TO_DATE('17-FEB-1986','%d-%b-%Y'),'1','182','70');
INSERT INTO player VALUES ('2009055','к№Җкёёмҡ©','K01','KIM, KILYONG','','2009','MF','22','',STR_TO_DATE('30-MAR-1986','%d-%b-%Y'),'2','183','78');
INSERT INTO player VALUES ('2012036','к№ҖмңӨм„ӯ','K01','KIM, YOONSUB','','2012','MF','26','',STR_TO_DATE('30-JUL-1989','%d-%b-%Y'),'1','184','77');
INSERT INTO player VALUES ('2012029','к№ҖмІңмҲҳ','K01','KIM, CHUNSU','','2012','MF','9','',STR_TO_DATE('09-JUL-1991','%d-%b-%Y'),'1','174','65');
INSERT INTO player VALUES ('2012033','мһҘм„ұмҡұ','K01','JANG, SUNGWOOK','','2012','MF','19','',STR_TO_DATE('01-SEP-1989','%d-%b-%Y'),'1','174','71');
INSERT INTO player VALUES ('2007023','мһҘмІ лҜј','K01','JANG, CHULMIN','','2007','MF','24','',STR_TO_DATE('19-MAY-1982','%d-%b-%Y'),'1','179','76');
INSERT INTO player VALUES ('2011084','м „кҙ‘мІ ','K01','JEON, KWANGCHEOL','','2011','MF','34','',STR_TO_DATE('16-JUL-1992','%d-%b-%Y'),'1','186','74');
INSERT INTO player VALUES ('2012045','м „мһ¬мҡҙ','K01','JEON, JAEWOON','','2012','MF','42','',STR_TO_DATE('05-JUN-1991','%d-%b-%Y'),'1','177','67');
INSERT INTO player VALUES ('2007008','л°•м •мҲҳ','K01','PARK, JEONGSOO','','2003','MF','8','',STR_TO_DATE('20-NOV-1979','%d-%b-%Y'),'1','170','61');
INSERT INTO player VALUES ('2012042','л°•мЈјмҳҒ','K01','PARK, HUYOUNG','','2012','MF','36','',STR_TO_DATE('03-MAY-1989','%d-%b-%Y'),'1','172','65');
INSERT INTO player VALUES ('2012040','к№Җмӣҗнқ¬','K01','KIM, WONHEE','','2012','MF','32','',STR_TO_DATE('17-APR-1993','%d-%b-%Y'),'1','178','71');
INSERT INTO player VALUES ('2012041','кіҪкё°нӣҲ','K01','','','','FW','33','',STR_TO_DATE('05-NOV-1989','%d-%b-%Y'),'1','177','72');
INSERT INTO player VALUES ('2007010','м •нҳ„м„қ','K01','JEONG, HYUNSEOK','','2011','FW','16','',STR_TO_DATE('05-MAY-1977','%d-%b-%Y'),'1','178','70');
INSERT INTO player VALUES ('2011105','л§ҲлҘҙмҪ”мҠӨ','K01','Marcos Antonio','','2011','FW','44','лёҢлқјм§Ҳ',STR_TO_DATE('07-APR-1987','%d-%b-%Y'),'1','170','73');
INSERT INTO player VALUES ('2010045','мөңк·ңм„ ','K01','CHOI, GYUSUN','','2010','FW','15','',STR_TO_DATE('24-SEP-1991','%d-%b-%Y'),'1','182','66');
INSERT INTO player VALUES ('2012129','м•ҢлҰ¬мҶЎ','K01','Alison Barros Moraes','','','FW','14','лёҢлқјм§Ҳ',STR_TO_DATE('30-JUN-1992','%d-%b-%Y'),'1','171','60');
INSERT INTO player VALUES ('2012038','к№Җнғңмң ','K01','KIM, TAEYOO','','2012','FW','30','',STR_TO_DATE('01-OCT-1989','%d-%b-%Y'),'1','175','64');
INSERT INTO player VALUES ('2012030','л°•м„ұнӣҲ','K01','','','','FW','10','',STR_TO_DATE('04-JUL-1989','%d-%b-%Y'),'1','187','83');
INSERT INTO player VALUES ('2012037','мқҙмқём„қ','K01','LEE, INSUK','','2012','FW','27','',STR_TO_DATE('07-AUG-1989','%d-%b-%Y'),'1','181','74');
INSERT INTO player VALUES ('2011104','нҢҢмҡёл§ҒлҮЁ','K01','Marcos Paulo Paulrini','','2011','FW','11','лёҢлқјм§Ҳ',STR_TO_DATE('04-MAR-1987','%d-%b-%Y'),'1','174','75');
INSERT INTO player VALUES ('2012031','нҳ„мҳҒлҜј','K01','HYUN, YOUNGMIN','','2012','FW','13','',STR_TO_DATE('25-DEC-1989','%d-%b-%Y'),'1','179','73');
INSERT INTO player VALUES ('2000061','нҷҚмқёкё°','K01','HONG, INKI','','2008','DF','35','',STR_TO_DATE('15-MAR-1989','%d-%b-%Y'),'1','182','75');
INSERT INTO player VALUES ('2007114','м •кё°лҸҷ','K04','','','','MF','6','',STR_TO_DATE('12-JAN-1981','%d-%b-%Y'),'1','171','66');
INSERT INTO player VALUES ('2010005','м •кё°нҳ•','K04','','','','MF','19','',STR_TO_DATE('10-JUL-1987','%d-%b-%Y'),'1','173','64');
INSERT INTO player VALUES ('2012055','м •м •нҳ„','K04','','','','MF','32','',STR_TO_DATE('01-APR-1989','%d-%b-%Y'),'1','176','68');
INSERT INTO player VALUES ('2007122','м •н•ңмңӨ','K04','','','','MF','14','',STR_TO_DATE('11-JUL-1984','%d-%b-%Y'),'1','185','74');
INSERT INTO player VALUES ('2007137','лӮЁкё°мқј','K04','','','','MF','29','',STR_TO_DATE('17-AUG-1984','%d-%b-%Y'),'1','177','69');
INSERT INTO player VALUES ('2012131','л¬ҙмҠӨнғҖнҢҢ','K04','','','','MF','77','',STR_TO_DATE('08-JAN-1985','%d-%b-%Y'),'1','180','73');
INSERT INTO player VALUES ('2012056','мөңм •мЈј','K04','','','','MF','33','',STR_TO_DATE('26-JUN-1989','%d-%b-%Y'),'1','177','73');
INSERT INTO player VALUES ('2010004','мЎ°нҳ„нҳё','K04','','','','MF','22','',STR_TO_DATE('07-JUL-1987','%d-%b-%Y'),'1','183','71');
INSERT INTO player VALUES ('2007125','мңӨм •м¶ҳ','K04','','','','MF','17','',STR_TO_DATE('18-FEB-1983','%d-%b-%Y'),'1','173','66');
INSERT INTO player VALUES ('2011103','мһҘкІҪнҳё','K04','','','','MF','39','',STR_TO_DATE('23-FEB-1993','%d-%b-%Y'),'1','174','66');
INSERT INTO player VALUES ('2008209','мқҙл¬ёмӢқ','K04','','','','MF','10','',STR_TO_DATE('23-OCT-1981','%d-%b-%Y'),'1','173','66');
INSERT INTO player VALUES ('2008457','кіҪкІҪк·ј','K04','GWAK, JYUNGKEUN','кіЁл“ л§Ё','2008','FW','9','',STR_TO_DATE('10-OCT-1982','%d-%b-%Y'),'1','184','81');
INSERT INTO player VALUES ('2012120','лӢӨліҙ','K04','Chelck Oumar Dabo','','2012','FW','63','',NULL,'1','183','76');
INSERT INTO player VALUES ('2007126','мөңм„ұмІ ','K04','CHOI, SUNGCHUL','мҪ”лҜёл””м–ё','2007','FW','28','',STR_TO_DATE('16-MAR-1985','%d-%b-%Y'),'1','190','78');
INSERT INTO player VALUES ('2007153','л№„нғҲлҰ¬','K04','VITALIY','','2012','FW','24','',STR_TO_DATE('04-MAY-1979','%d-%b-%Y'),'1','183','74');
INSERT INTO player VALUES ('2009026','м•ҲмҠ№мқё','K04','AN, SEUNGIN','м•ҲлҪ•','2009','FW','13','',STR_TO_DATE('14-MAR-1983','%d-%b-%Y'),'1','182','75');
INSERT INTO player VALUES ('2011019','мңӨмӣҗмІ ','K04','','','','FW','8','',STR_TO_DATE('06-JAN-1989','%d-%b-%Y'),'1','184','75');
INSERT INTO player VALUES ('2009027','к№Җм„ұмһ¬','K04','KIM, SUNGJAE','к№Ңм№ҳ,лҸҢмҮ ','2009','FW','11','',STR_TO_DATE('16-MAY-1986','%d-%b-%Y'),'1','178','67');
INSERT INTO player VALUES ('2007135','к№ҖмӣҗмӢқ','K04','KIM, WONSHIK','ләҖ, л°ҘмӢқмқҙ','2006','FW','27','',STR_TO_DATE('16-MAY-1983','%d-%b-%Y'),'1','172','64');
INSERT INTO player VALUES ('2012057','к№Җмў…лҜј','K04','KIM, JONGMIN','','2012','FW','34','',STR_TO_DATE('01-AUG-1993','%d-%b-%Y'),'1','184','77');
INSERT INTO player VALUES ('2011020','л°•н•„м„қ','K04','PARK, PILSUK','мһҘмӢ ','2011','FW','18','',STR_TO_DATE('23-JUL-1988','%d-%b-%Y'),'1','190','83');
INSERT INTO player VALUES ('2010084','м ңн”„мң ','K04','JEFF JI YOUNG','','2011','FW','16','лҜёкөӯ',STR_TO_DATE('30-OCT-1988','%d-%b-%Y'),'1','184','76');
INSERT INTO player VALUES ('2000026','лЎӨлһҖ','K04','','','2010','FW','','лҰ¬нҲ¬м•„лӢҲм•„',NULL,'','184','81');
INSERT INTO player VALUES ('2000027','м…Җлқјн•ҳнӢҙ','K04','Selahattin','','2012','FW','11','к№ҖнғҲлҰ¬м•„',NULL,'','180','75');
INSERT INTO player VALUES ('2000031','м°ЁкІҪліө','K08','','','2008','DF','','',STR_TO_DATE('10-JAN-1977','%d-%b-%Y'),'1','','');
INSERT INTO player VALUES ('2000032','м •н•ҷлІ”','K08','','','','','','',NULL,'','','');
INSERT INTO player VALUES ('2000033','м•ҲмқөмҲҳ','K08','','','','','','',NULL,'','','');
INSERT INTO player VALUES ('2000034','м°ЁмғҒкҙ‘','K08','','','','','','',NULL,'','','');
INSERT INTO player VALUES ('2009045','к¶Ңм°¬мҲҳ','K08','KWON, CHANSOO','','','GK','21','',STR_TO_DATE('30-MAY-1984','%d-%b-%Y'),'2','183','77');
INSERT INTO player VALUES ('2012107','м •кІҪл‘җ','K08','JEONG, KYOUNGDOO','','','GK','41','',NULL,'1','194','76');
INSERT INTO player VALUES ('2007255','м •н•ҙмҡҙ','K08','JEONG, HAEWOON','','','GK','1','',STR_TO_DATE('25-DEC-1983','%d-%b-%Y'),'2','185','79');
INSERT INTO player VALUES ('2009101','м–‘мҳҒлҜј','K08','YANG, YOUNGMIN','','','GK','31','',STR_TO_DATE('19-JUL-1984','%d-%b-%Y'),'1','190','80');
INSERT INTO player VALUES ('2011087','к°ҖмқҙлӘЁнҶ ','K08','KAIMOTO KOJIRO','','','DF','3','',STR_TO_DATE('14-OCT-1987','%d-%b-%Y'),'1','182','77');
INSERT INTO player VALUES ('2012108','м •л‘җмҳҒ','K08','JEONG, DOYOUNG','','','DF','30','',STR_TO_DATE('07-OCT-1990','%d-%b-%Y'),'1','181','75');
INSERT INTO player VALUES ('2012118','м •лӘ…нңҳ','K08','JEONG, MYONGHWI','','','DF','37','',STR_TO_DATE('08-MAY-1991','%d-%b-%Y'),'1','185','76');
INSERT INTO player VALUES ('2007329','м •мҳҒмІ ','K08','JEONG, YOUNGCHUL','','','DF','5','',STR_TO_DATE('30-JUN-1986','%d-%b-%Y'),'1','183','80');
INSERT INTO player VALUES ('2007259','м •м •мһ¬','K08','JEONG, JUNGJAE','','','DF','13','',STR_TO_DATE('22-MAY-1984','%d-%b-%Y'),'2','184','80');
INSERT INTO player VALUES ('2007186','м •нҳ„мҲҳ','K08','JEONG, HYUNSOO','','','DF','15','',STR_TO_DATE('13-MAR-1983','%d-%b-%Y'),'2','186','80');
INSERT INTO player VALUES ('2007089','л…ёнғңкІҪ','K08','NO, TAEKYOUNG','','','DF','25','',STR_TO_DATE('22-APR-1982','%d-%b-%Y'),'1','175','68');
INSERT INTO player VALUES ('2009098','л¬ёмӮјм§„','K08','MOON, SAMJIN','','','DF','2','',STR_TO_DATE('03-MAR-1983','%d-%b-%Y'),'1','173','68');
INSERT INTO player VALUES ('2012111','лҜјкІҪмқё','K08','MIN, KYUNGIN','','','DF','12','',STR_TO_DATE('09-MAY-1989','%d-%b-%Y'),'1','177','71');
INSERT INTO player VALUES ('2011091','мөңмў…лӮЁ','K08','CHOI, JONGNAM','','','DF','34','',STR_TO_DATE('17-NOV-1986','%d-%b-%Y'),'1','182','76');
INSERT INTO player VALUES ('2007055','мөңм¶©к· ','K08','CHOI, CHOONGKYUN','','','DF','20','',STR_TO_DATE('20-JUN-1983','%d-%b-%Y'),'1','184','70');
INSERT INTO player VALUES ('2010034','л°°м§„мҲҳ','K08','BAE, JINSOO','','','DF','38','',STR_TO_DATE('25-JAN-1986','%d-%b-%Y'),'1','178','72');
INSERT INTO player VALUES ('2008471','к№ҖмҳҒм§„','K08','KIM, YOUNGJIN','','','DF','23','',STR_TO_DATE('27-MAR-1982','%d-%b-%Y'),'2','180','75');
INSERT INTO player VALUES ('2008399','мһ„к·ңмӢқ','K08','LIM, KYUSIK','','','DF','27','',STR_TO_DATE('09-MAY-1985','%d-%b-%Y'),'1','182','75');
INSERT INTO player VALUES ('2012106','кіҪм№ҳкөӯ','K08','KWAK, CHIGOOG','','','MF','32','',STR_TO_DATE('22-APR-1989','%d-%b-%Y'),'1','170','68');
INSERT INTO player VALUES ('2009095','м •мғҒмӢқ','K08','JEONG, SANGSIK','','','MF','4','',STR_TO_DATE('17-DEC-1986','%d-%b-%Y'),'1','184','71');
INSERT INTO player VALUES ('2011086','м •мҡ©нқ¬','K08','JEONG, YONGHEE','','','MF','18','',STR_TO_DATE('15-OCT-1988','%d-%b-%Y'),'1','178','70');
INSERT INTO player VALUES ('2012109','л…ёк·ңмҳҒ','K08','','','','MF','33','',STR_TO_DATE('29-APR-1988','%d-%b-%Y'),'1','180','83');
INSERT INTO player VALUES ('2010126','мөңк°•мЎ°','K08','CHOI, KANGJO','','','MF','6','',STR_TO_DATE('24-JAN-1990','%d-%b-%Y'),'1','165','57');
INSERT INTO player VALUES ('2008171','мөңлӮЁм—ҙ','K08','CHOI, NAMRYUL','','','MF','8','',STR_TO_DATE('07-MAY-1980','%d-%b-%Y'),'2','178','70');
INSERT INTO player VALUES ('2011088','л°ұмҳҒмІ ','K08','BAEK, YOUNGCHUL','','','MF','22','',STR_TO_DATE('11-NOV-1988','%d-%b-%Y'),'1','177','71');
INSERT INTO player VALUES ('2007242','мЎ°нғңмҡ©','K08','CHO, TAEYONG','','','MF','7','',STR_TO_DATE('11-OCT-1980','%d-%b-%Y'),'1','174','67');
INSERT INTO player VALUES ('2012117','мҳ¬лҰ¬лІ ','K08','Alcir de Oliveira fonseca','','','MF','29','лёҢлқјм§Ҳ',STR_TO_DATE('14-NOV-1987','%d-%b-%Y'),'1','175','73');
INSERT INTO player VALUES ('2011128','к№ҖлҰ¬л„Ө','K08','Ricardo Irineu','','','MF','26','лёҢлқјм§Ҳ',STR_TO_DATE('12-JUL-1987','%d-%b-%Y'),'1','172','69');
INSERT INTO player VALUES ('2012128','мҹҲмҠӨлҜј','K08','Jasmin Mujidza','','','MF','33','нҒ¬лЎңм•„нӢ°м•„',STR_TO_DATE('02-MAR-1984','%d-%b-%Y'),'1','180','78');
INSERT INTO player VALUES ('2012114','м „мһ¬нҳё','K08','CHUN, JAEHO','','','MF','14','',STR_TO_DATE('08-AUG-1989','%d-%b-%Y'),'1','168','64');
INSERT INTO player VALUES ('2008131','к№Җм§„нҳё','K08','KIM, JINHO','','','MF','11','',STR_TO_DATE('02-AUG-1983','%d-%b-%Y'),'1','174','68');
INSERT INTO player VALUES ('2012115','мқҙлӮҷнӣҲ','K08','LEE, NAKHOON','','','MF','35','',STR_TO_DATE('28-DEC-1989','%d-%b-%Y'),'1','172','62');
INSERT INTO player VALUES ('2007100','нҷҚлҸ„н‘ң','K08','HONG, DOPYO','','','MF','9','',STR_TO_DATE('24-JUL-1983','%d-%b-%Y'),'1','173','66');
INSERT INTO player VALUES ('2010127','м •лҢҖмқҳ','K08','JEONG, DAEEUI','','','FW','19','',STR_TO_DATE('30-MAY-1987','%d-%b-%Y'),'1','174','70');
INSERT INTO player VALUES ('2009084','м •мҡ°мһ¬','K08','JEONG, WOOJAE','','','FW','24','',STR_TO_DATE('13-SEP-1986','%d-%b-%Y'),'1','173','71');
INSERT INTO player VALUES ('2007192','мғӨмғӨ','K08','Drakulic sasa','','','FW','10','',STR_TO_DATE('28-AUG-1982','%d-%b-%Y'),'1','190','84');
INSERT INTO player VALUES ('2012112','м„ңкҙҖмҲҳ','K08','SEO, KWANSOO','','','FW','17','',STR_TO_DATE('25-FEB-1990','%d-%b-%Y'),'1','179','74');
INSERT INTO player VALUES ('2011095','к№Җм„ұмҡҙ','K08','KIM, SUNGWOON','','','FW','40','',STR_TO_DATE('25-DEC-1988','%d-%b-%Y'),'1','173','64');
INSERT INTO player VALUES ('2012113','к№Җм •мҡҙ','K08','KIM, JUNGWOON','','','FW','28','',STR_TO_DATE('14-MAR-1993','%d-%b-%Y'),'1','170','68');
INSERT INTO player VALUES ('2011094','мһҘлҸҷнҳ„','K08','JANG, DONGHYUN','','','FW','39','',STR_TO_DATE('19-MAR-1992','%d-%b-%Y'),'1','178','67');
INSERT INTO player VALUES ('2007250','нҷ©м—°м„қ','K08','HWANG, YOUNSUCK','','','FW','16','',STR_TO_DATE('17-OCT-1983','%d-%b-%Y'),'1','192','81');
INSERT INTO player VALUES ('2000041','м •нҳё','K02','JEONG, HO','','','DF','','',STR_TO_DATE('24-NOV-1974','%d-%b-%Y'),'1','','');
INSERT INTO player VALUES ('2000042','мҷ•м„ мһ¬','K02','WANG, SUNJAE','','','DF','','',STR_TO_DATE('16-MAR-1979','%d-%b-%Y'),'1','','');
INSERT INTO player VALUES ('2000043','мҪ”мғӨ','K02','Marco Antonio Alvarez Ferreira','','','DF','','лёҢлқјм§Ҳ',STR_TO_DATE('20-JUL-1970','%d-%b-%Y'),'1','','');
INSERT INTO player VALUES ('2000044','мңӨм„ұнҡЁ','K02','YOON, SUNGHYO','','','DF','','',STR_TO_DATE('18-MAY-1972','%d-%b-%Y'),'1','','');
INSERT INTO player VALUES ('2007067','м •кҙ‘мҲҳ','K02','JEONG, GWANGSOO','','','GK','41','',STR_TO_DATE('10-MAR-1987','%d-%b-%Y'),'1','182','79');
INSERT INTO player VALUES ('2009004','мөңнҳём§„','K02','CHOI, HOJIN','','','GK','31','',STR_TO_DATE('22-OCT-1986','%d-%b-%Y'),'1','190','82');
INSERT INTO player VALUES ('2007203','мЎ°лІ”мІ ','K02','CHO, BUMCHUL','','','GK','21','',STR_TO_DATE('27-SEP-1980','%d-%b-%Y'),'2','185','85');
INSERT INTO player VALUES ('2007035','к№Җмҡҙмһ¬','K02','KIM, WOONJAE','','','GK','1','',STR_TO_DATE('26-APR-1983','%d-%b-%Y'),'1','182','82');
INSERT INTO player VALUES ('2008429','м •мҳҒм„ ','K02','JEONG, YOUNGSUN','','','DF','16','',STR_TO_DATE('03-APR-1985','%d-%b-%Y'),'1','184','81');
INSERT INTO player VALUES ('2012021','м •мң м§„','K02','JEONG, YOUJIN','','','DF','37','',STR_TO_DATE('19-JUN-1993','%d-%b-%Y'),'1','188','76');
INSERT INTO player VALUES ('2011073','мҶҗмҠ№мӨҖ','K02','SON, SEUNGJUN','','','DF','32','',STR_TO_DATE('16-MAY-1992','%d-%b-%Y'),'1','186','72');
INSERT INTO player VALUES ('2007007','мЎ°нҷҚкё°','K02','CHO, HONGGI','','','DF','15','',STR_TO_DATE('04-MAY-1978','%d-%b-%Y'),'1','175','66');
INSERT INTO player VALUES ('2012027','м•ҲлҸҷмӣҗ','K02','AN, DONGWON','','','DF','49','',STR_TO_DATE('27-SEP-1992','%d-%b-%Y'),'1','184','78');
INSERT INTO player VALUES ('2012024','к№Җк°•м§„','K02','KIM, KANGJIN','','','DF','43','',STR_TO_DATE('25-APR-1996','%d-%b-%Y'),'1','181','65');
INSERT INTO player VALUES ('2007036','к№Җлі‘к·ј','K02','KIM, BYOUNGKEUN','','','DF','3','',STR_TO_DATE('28-APR-1983','%d-%b-%Y'),'1','175','63');
INSERT INTO player VALUES ('2012026','к№Җнғңк¶Ң','K02','KIM, TAE-KWON','','','DF','46','',STR_TO_DATE('14-JUL-1990','%d-%b-%Y'),'1','180','75');
INSERT INTO player VALUES ('2012014','к№Җлі‘көӯ','K02','KIM, BYUNGKOOK','','','DF','2','',STR_TO_DATE('01-JUL-1991','%d-%b-%Y'),'1','183','78');
INSERT INTO player VALUES ('2011075','к№Җм„ұнҷҳ','K02','KIM, SUNGHWAN','','','DF','5','',STR_TO_DATE('09-APR-1992','%d-%b-%Y'),'1','183','75');
INSERT INTO player VALUES ('2012123','к°Җл№„','K02','Gabriel Popescu','','','MF','10','лЈЁл§ҲлӢҲм•„',STR_TO_DATE('25-DEC-1983','%d-%b-%Y'),'1','177','74');
INSERT INTO player VALUES ('2010089','к°•лҢҖнқ¬','K02','','','','MF','26','',STR_TO_DATE('02-FEB-1987','%d-%b-%Y'),'1','174','65');
INSERT INTO player VALUES ('2007051','кі мў…мҲҳ','K02','KO, JONGSU','','','MF','22','',STR_TO_DATE('30-OCT-1988','%d-%b-%Y'),'1','176','70');
INSERT INTO player VALUES ('2012015','кі м°Ҫнҳ„','K02','KO, CHANGHYUN','','','MF','8','',STR_TO_DATE('15-SEP-1993','%d-%b-%Y'),'1','170','64');
INSERT INTO player VALUES ('2009089','м •кё°лІ”','K02','JEONG, KIBUM','','','MF','28','',STR_TO_DATE('14-AUG-1986','%d-%b-%Y'),'1','173','65');
INSERT INTO player VALUES ('2009083','м •лҸҷнҳ„','K02','JEONG, DONGHYUN','','','MF','25','',STR_TO_DATE('17-AUG-1990','%d-%b-%Y'),'1','175','72');
INSERT INTO player VALUES ('2011071','м •л‘җнҳ„','K02','JEONG, DOOHYUN','','','MF','4','',STR_TO_DATE('14-JUL-1992','%d-%b-%Y'),'1','175','67');
INSERT INTO player VALUES ('2012025','м •мӨҖ','K02','JEONG, JUN','','','MF','44','',STR_TO_DATE('09-DEC-1996','%d-%b-%Y'),'1','170','65');
INSERT INTO player VALUES ('2007040','м •м§„мҡ°','K02','JEONG, JINWOO','','','DF','7','',STR_TO_DATE('09-OCT-1985','%d-%b-%Y'),'1','179','72');
INSERT INTO player VALUES ('2007069','лҚ°лӢҲмҠӨ','K02','Laktionov Denis','','','FW','11','лҹ¬мӢңм•„',STR_TO_DATE('04-SEP-1987','%d-%b-%Y'),'1','176','71');
INSERT INTO player VALUES ('2007274','м„ңм •мӣҗ','K02','SEO, JUNGWON','','','FW','14','',STR_TO_DATE('17-DEC-1980','%d-%b-%Y'),'1','173','66');
INSERT INTO player VALUES ('2012016','мҶҗлҢҖнҳё','K02','SON, DAEHO','','','DF','17','',STR_TO_DATE('11-SEP-1991','%d-%b-%Y'),'1','186','79');
INSERT INTO player VALUES ('2011070','мҳӨк·ңм°¬','K02','OH, GUCHAN','','','MF','24','',STR_TO_DATE('28-AUG-1992','%d-%b-%Y'),'1','178','71');
INSERT INTO player VALUES ('2012135','мңӨмӣҗмқј','K02','','','','MF','45','',STR_TO_DATE('31-MAR-1993','%d-%b-%Y'),'1','176','70');
INSERT INTO player VALUES ('2009131','к№ҖлҸҷмҡұ','K02','KIM, DONGWOOK','','','MF','40','',STR_TO_DATE('10-APR-1986','%d-%b-%Y'),'1','176','68');
INSERT INTO player VALUES ('2010901','мһҘм„ұмІ ','K11','','','','MF','27','',STR_TO_DATE('09-MAR-1991','%d-%b-%Y'),'1','176','75');
INSERT INTO player VALUES ('2010902','мһҘмңӨм •','K11','','','','DF','17','',STR_TO_DATE('14-MAR-1993','%d-%b-%Y'),'1','173','63');
INSERT INTO player VALUES ('2010903','мһҘм„ңм—°','K11','','','','FW','07','',STR_TO_DATE('29-JAN-1995','%d-%b-%Y'),'1','180','60');
INSERT INTO player VALUES ('2009901','кі к·ңм–ө','K12','','','','DF','29','',STR_TO_DATE('14-AUG-1994','%d-%b-%Y'),'1','175','70');
INSERT INTO player VALUES ('2009902','мһҘмһ¬мҡ°','K12','','','','FW','12','',STR_TO_DATE('28-FEB-1987','%d-%b-%Y'),'1','172','63');
INSERT INTO player VALUES ('2008901','мҳӨмһ¬м§„','K13','','','','DF','49','',STR_TO_DATE('23-JUL-1992','%d-%b-%Y'),'1','173','72');
INSERT INTO player VALUES ('2008902','м„ мӣҗкёё','K13','','','','GK','46','',STR_TO_DATE('26-APR-1996','%d-%b-%Y'),'1','174','66');
INSERT INTO player VALUES ('2008903','м•ҲмҶҢм •','K13','','','','FW','38','',STR_TO_DATE('24-OCT-1997','%d-%b-%Y'),'1','174','63');
INSERT INTO player VALUES ('2007901','мЈјмӢңнҳ•','K14','','','','DF','33','',STR_TO_DATE('11-NOV-1992','%d-%b-%Y'),'1','170','72');
INSERT INTO player VALUES ('2007902','нҷҚмў…н•ҳ','K14','','','','MF','32','',STR_TO_DATE('21-DEC-1988','%d-%b-%Y'),'1','169','74');
INSERT INTO player VALUES ('2010801','мҳӨм¶ҳмӢқ','K15','','','','MF','22','',STR_TO_DATE('08-MAR-1988','%d-%b-%Y'),'1','168','75');
INSERT INTO player VALUES ('2010802','л°•м°Ҫмҡ°','K15','','','','DF','13','',STR_TO_DATE('17-MAY-1989','%d-%b-%Y'),'1','177','68');
INSERT INTO player VALUES ('2010803','л°•м§„н•ҳ','K15','','','','FW','11','',STR_TO_DATE('09-JAN-1989','%d-%b-%Y'),'1','181','62');


INSERT INTO stadium VALUES ('D03','м „мЈјмӣ”л“ңм»өкІҪкё°мһҘ','K05',28000,'м „л¶Ғ м „мЈјмӢң лҚ•м§„кө¬ л°ҳмӣ”лҸҷ 763-1','063','273-1763');
INSERT INTO stadium VALUES ('B02','м„ұлӮЁмў…н•©мҡҙлҸҷмһҘ','K08',27000,'кІҪкё°лҸ„ м„ұлӮЁмӢң л¶„лӢ№кө¬ м•јнғ‘лҸҷ 486','031','753-3956');
INSERT INTO stadium VALUES ('C06','нҸ¬н•ӯмҠӨнӢём•јл“ң','K03',25000,'кІҪл¶Ғ нҸ¬н•ӯмӢң лӮЁкө¬ кҙҙлҸҷ 1','054','282-2002');
INSERT INTO stadium VALUES ('D01','кҙ‘м–‘м „мҡ©кІҪкё°мһҘ','K07',20009,'м „лӮЁ кҙ‘м–‘мӢң кёҲнҳёлҸҷ 700','061','792-5600');
INSERT INTO stadium VALUES ('B05','м„ңмҡёмӣ”л“ңм»өкІҪкё°мһҘ','K09',66806,'м„ңмҡёнҠ№лі„мӢң л§ҲнҸ¬кө¬ лӮңм§ҖлҸ„кёё 66','02','2128-2973');
INSERT INTO stadium VALUES ('B01','мқёмІңмӣ”л“ңм»өкІҪкё°мһҘ','K04',35000,'мқёмІңкҙ‘м—ӯмӢң лӮЁкө¬ л¬ён•ҷлҸҷ 482','031','666-0496');
INSERT INTO stadium VALUES ('C05','м°Ҫмӣҗмў…н•©мҡҙлҸҷмһҘ','K11','27085','кІҪлӮЁ м°ҪмӣҗмӢң л‘җлҢҖлҸҷ 145','055','6644-8468');
INSERT INTO stadium VALUES ('C04','мҡёмӮ°л¬ёмҲҳкІҪкё°мһҘ','K01',46102,'мҡёмӮ°кҙ‘м—ӯмӢң лӮЁкө¬ мҳҘмӮ° мӮ°5','052','220-2468');
INSERT INTO stadium VALUES ('D02','лҢҖм „мӣ”л“ңм»өкІҪкё°мһҘ','K10',41000,'лҢҖм „кҙ‘м—ӯмӢң мң м„ұкө¬ л…ёмқҖлҸҷ 270','042','252-2002');
INSERT INTO stadium VALUES ('B04','мҲҳмӣҗмӣ”л“ңм»өкІҪкё°мһҘ','K02',50000,'мҲҳмӣҗмӢң нҢ”лӢ¬кө¬ мҡ°л§Ң1лҸҷ 228лІҲм§Җ','031','259-2150');
INSERT INTO stadium VALUES ('A02','кҙ‘мЈјмӣ”л“ңм»өкІҪкё°мһҘ','K12','40245','кҙ‘мЈјкҙ‘м—ӯмӢң м„ңкө¬ н’Қм•”лҸҷ 423-2','062','2468-8642');
INSERT INTO stadium VALUES ('C02','л¶ҖмӮ°м•„мӢңм•„л“ңкІҪкё°мһҘ','K06',30000,'л¶ҖмӮ°кҙ‘м—ӯмӢң м„ңкө¬ м„ңлҢҖмӢ лҸҷ 3к°Җ 210лІҲм§Җ','051','247-5771');
INSERT INTO stadium VALUES ('A03','к°•лҰүмў…н•©кІҪкё°мһҘ','K13',33000,'к°•мӣҗ к°•лҰүмӢң көҗлҸҷ мӮ°58','033','459-3631');
INSERT INTO stadium VALUES ('A04','м ңмЈјмӣ”л“ңм»өкІҪкё°мһҘ','K14',42256,'м ңмЈј м„ңк·ҖнҸ¬мӢң лІ•нҷҳлҸҷ','064','3631-2460');
INSERT INTO stadium VALUES ('A05','лҢҖкө¬мӣ”л“ңм»өкІҪкё°мһҘ','K15',66422,'лҢҖкө¬кҙ‘м—ӯмӢң мҲҳм„ұкө¬ лҢҖнқҘлҸҷ 504','053','602-2011');
INSERT INTO stadium VALUES ('F01','лҢҖкө¬мӢңлҜјкІҪкё°мһҘ','',30000,'лҢҖкө¬кҙ‘м—ӯмӢң','054','');
INSERT INTO stadium VALUES ('F02','л¶ҖмӮ°мӢңлҜјкІҪкё°мһҘ','',30000,'л¶ҖмӮ°кҙ‘м—ӯмӢң','051','');
INSERT INTO stadium VALUES ('F03','мқјмӮ°кІҪкё°мһҘ','',20000,'кІҪкё°лҸ„ мқјмӮ°мӢң','031','');
INSERT INTO stadium VALUES ('F04','л§ҲмӮ°кІҪкё°мһҘ','',20000,'кІҪлӮЁ л§ҲмӮ°мӢң','055','');
INSERT INTO stadium VALUES ('F05','м•Ҳм–‘кІҪкё°мһҘ','',20000,'кІҪкё°лҸ„ м•Ҳм–‘мӢң','031','');


INSERT INTO schedule VALUES ('C02','20120501','Y','K06','K10','2','0');
INSERT INTO schedule VALUES ('B04','20120505','Y','K02','K01','1','2');
INSERT INTO schedule VALUES ('B05','20120505','Y','K09','K08','1','3');
INSERT INTO schedule VALUES ('B02','20120512','Y','K08','K01','1','1');
INSERT INTO schedule VALUES ('C02','20120707','Y','K06','K01','1','2');
INSERT INTO schedule VALUES ('B02','20120707','Y','K08','K03','3','2');
INSERT INTO schedule VALUES ('D03','20120707','Y','K05','K09','2','1');
INSERT INTO schedule VALUES ('D01','20120707','Y','K07','K10','1','0');
INSERT INTO schedule VALUES ('B04','20120710','Y','K02','K01','2','1');
INSERT INTO schedule VALUES ('D03','20120710','Y','K05','K03','1','1');
INSERT INTO schedule VALUES ('D02','20120710','Y','K10','K04','0','2');
INSERT INTO schedule VALUES ('C02','20120710','Y','K06','K08','3','1');
INSERT INTO schedule VALUES ('D01','20120710','Y','K07','K09','0','0');
INSERT INTO schedule VALUES ('C06','20120713','Y','K03','K06','2','1');
INSERT INTO schedule VALUES ('B05','20120714','Y','K09','K02','3','0');
INSERT INTO schedule VALUES ('B01','20120714','Y','K04','K07','1','0');
INSERT INTO schedule VALUES ('D02','20120714','Y','K10','K08','1','1');
INSERT INTO schedule VALUES ('D01','20120717','Y','K07','K01','0','0');
INSERT INTO schedule VALUES ('C06','20120717','Y','K03','K02','2','0');
INSERT INTO schedule VALUES ('B02','20120717','Y','K08','K04','2','1');
INSERT INTO schedule VALUES ('C02','20120717','Y','K06','K05','1','2');
INSERT INTO schedule VALUES ('B05','20120717','Y','K09','K10','1','1');
INSERT INTO schedule VALUES ('D01','20120720','Y','K07','K03','1','1');
INSERT INTO schedule VALUES ('B04','20120721','Y','K02','K06','2','2');
INSERT INTO schedule VALUES ('D03','20120721','Y','K05','K08','2','2');
INSERT INTO schedule VALUES ('B01','20120721','Y','K04','K09','1','3');
INSERT INTO schedule VALUES ('D03','20120724','Y','K05','K02','1','1');
INSERT INTO schedule VALUES ('D02','20120724','Y','K10','K03','1','1');
INSERT INTO schedule VALUES ('C02','20120724','Y','K06','K07','0','1');
INSERT INTO schedule VALUES ('B02','20120724','Y','K08','K09','1','1');
INSERT INTO schedule VALUES ('C06','20120727','Y','K03','K04','2','1');
INSERT INTO schedule VALUES ('D01','20120727','Y','K07','K05','2','1');
INSERT INTO schedule VALUES ('C02','20120727','Y','K06','K10','3','0');
INSERT INTO schedule VALUES ('B05','20120728','Y','K09','K01','1','1');
INSERT INTO schedule VALUES ('B04','20120728','Y','K02','K08','2','2');
INSERT INTO schedule VALUES ('B02','20120731','Y','K08','K01','2','0');
INSERT INTO schedule VALUES ('B05','20120731','Y','K09','K03','3','1');
INSERT INTO schedule VALUES ('D02','20120731','Y','K10','K05','1','0');
INSERT INTO schedule VALUES ('B01','20120731','Y','K04','K06','3','2');
INSERT INTO schedule VALUES ('B04','20120731','Y','K02','K07','1','2');
INSERT INTO schedule VALUES ('B02','20120803','Y','K08','K07','1','0');
INSERT INTO schedule VALUES ('C02','20120803','Y','K06','K09','2','1');
INSERT INTO schedule VALUES ('D02','20120804','Y','K10','K02','0','3');
INSERT INTO schedule VALUES ('D03','20120804','Y','K05','K04','2','1');
INSERT INTO schedule VALUES ('B01','20120811','Y','K04','K02','0','2');
INSERT INTO schedule VALUES ('B05','20120811','Y','K09','K05','0','1');
INSERT INTO schedule VALUES ('C06','20120811','Y','K03','K08','2','0');
INSERT INTO schedule VALUES ('D01','20120811','Y','K07','K10','1','1');
INSERT INTO schedule VALUES ('D03','20120818','Y','K05','K01','0','2');
INSERT INTO schedule VALUES ('C02','20120818','Y','K06','K03','3','1');
INSERT INTO schedule VALUES ('B01','20120818','Y','K04','K07','1','0');
INSERT INTO schedule VALUES ('B04','20120818','Y','K02','K09','1','2');
INSERT INTO schedule VALUES ('B02','20120818','Y','K08','K10','3','1');
INSERT INTO schedule VALUES ('B04','20120824','Y','K02','K01','1','1');
INSERT INTO schedule VALUES ('D03','20120824','Y','K05','K03','3','3');
INSERT INTO schedule VALUES ('B02','20120824','Y','K08','K06','4','3');
INSERT INTO schedule VALUES ('D02','20120825','Y','K10','K04','1','1');
INSERT INTO schedule VALUES ('B05','20120825','Y','K09','K07','1','1');
INSERT INTO schedule VALUES ('C06','20120828','Y','K03','K02','0','0');
INSERT INTO schedule VALUES ('C02','20120828','Y','K06','K05','1','1');
INSERT INTO schedule VALUES ('B01','20120828','Y','K04','K08','2','3');
INSERT INTO schedule VALUES ('B05','20120828','Y','K09','K10','2','0');
INSERT INTO schedule VALUES ('D02','20120901','Y','K10','K01','2','3');
INSERT INTO schedule VALUES ('D01','20120901','Y','K07','K03','0','1');
INSERT INTO schedule VALUES ('B04','20120901','Y','K02','K06','1','1');
INSERT INTO schedule VALUES ('D03','20120901','Y','K05','K08','3','3');
INSERT INTO schedule VALUES ('B01','20120901','Y','K04','K09','2','1');
INSERT INTO schedule VALUES ('D01','20120911','N','K07','K05','','');
INSERT INTO schedule VALUES ('B05','20120911','N','K09','K01','','');
INSERT INTO schedule VALUES ('B04','20120911','N','K02','K08','','');
INSERT INTO schedule VALUES ('B01','20120911','N','K04','K03','','');
INSERT INTO schedule VALUES ('D02','20120911','N','K10','K06','','');
INSERT INTO schedule VALUES ('C02','20120914','N','K06','K04','','');
INSERT INTO schedule VALUES ('C06','20120914','N','K03','K09','','');
INSERT INTO schedule VALUES ('B02','20120914','N','K08','K01','','');
INSERT INTO schedule VALUES ('D01','20120914','N','K07','K02','','');
INSERT INTO schedule VALUES ('D03','20120915','N','K05','K10','','');
INSERT INTO schedule VALUES ('D02','20120918','N','K10','K02','','');
INSERT INTO schedule VALUES ('B02','20120918','N','K08','K07','','');
INSERT INTO schedule VALUES ('B05','20120918','N','K09','K06','','');
INSERT INTO schedule VALUES ('D03','20120918','N','K05','K04','','');
INSERT INTO schedule VALUES ('B04','20120925','N','K02','K10','','');
INSERT INTO schedule VALUES ('C06','20120925','N','K03','K01','','');
INSERT INTO schedule VALUES ('B01','20120925','N','K04','K05','','');
INSERT INTO schedule VALUES ('D01','20120925','N','K07','K08','','');
INSERT INTO schedule VALUES ('B05','20120925','N','K09','K06','','');
INSERT INTO schedule VALUES ('D01','20121019','N','K07','K02','','');
INSERT INTO schedule VALUES ('C06','20121019','N','K03','K09','','');
INSERT INTO schedule VALUES ('D02','20121020','N','K10','K05','','');
INSERT INTO schedule VALUES ('C02','20121020','N','K06','K04','','');
INSERT INTO schedule VALUES ('C06','20121023','N','K03','K04','','');
INSERT INTO schedule VALUES ('D03','20121023','N','K05','K07','','');
INSERT INTO schedule VALUES ('C02','20121023','N','K06','K10','','');
INSERT INTO schedule VALUES ('B02','20121023','N','K08','K02','','');
INSERT INTO schedule VALUES ('D01','20121026','N','K07','K06','','');
INSERT INTO schedule VALUES ('D02','20121027','N','K10','K03','','');
INSERT INTO schedule VALUES ('B01','20121027','N','K04','K01','','');
INSERT INTO schedule VALUES ('B05','20121027','N','K09','K08','','');
INSERT INTO schedule VALUES ('B04','20121027','N','K02','K05','','');
INSERT INTO schedule VALUES ('B04','20121030','N','K02','K04','','');
INSERT INTO schedule VALUES ('D02','20121030','N','K10','K08','','');
INSERT INTO schedule VALUES ('C06','20121102','N','K03','K07','','');
INSERT INTO schedule VALUES ('B05','20121103','N','K09','K04','','');
INSERT INTO schedule VALUES ('C02','20121103','N','K06','K02','','');
INSERT INTO schedule VALUES ('B02','20121103','N','K08','K05','','');
INSERT INTO schedule VALUES ('D03','20121106','N','K05','K06','','');
INSERT INTO schedule VALUES ('D01','20121106','N','K07','K01','','');
INSERT INTO schedule VALUES ('D02','20121106','N','K10','K09','','');
INSERT INTO schedule VALUES ('B01','20121106','N','K04','K08','','');
INSERT INTO schedule VALUES ('B04','20121106','N','K02','K03','','');
INSERT INTO schedule VALUES ('C06','20121109','N','K03','K05','','');
INSERT INTO schedule VALUES ('B05','20121110','N','K09','K07','','');
INSERT INTO schedule VALUES ('B01','20121110','N','K04','K10','','');
INSERT INTO schedule VALUES ('B02','20121110','N','K08','K06','','');
INSERT INTO schedule VALUES ('D01','20121113','N','K07','K04','','');
INSERT INTO schedule VALUES ('C02','20121113','N','K06','K03','','');
INSERT INTO schedule VALUES ('B04','20121113','N','K02','K09','','');
INSERT INTO schedule VALUES ('D03','20121113','N','K05','K01','','');
INSERT INTO schedule VALUES ('B05','20121117','N','K09','K05','','');
INSERT INTO schedule VALUES ('D02','20121117','N','K10','K07','','');
INSERT INTO schedule VALUES ('C06','20121117','N','K03','K08','','');
INSERT INTO schedule VALUES ('B01','20121117','N','K04','K02','','');
INSERT INTO schedule VALUES ('C04','20120508','Y','K01','K08','1','3');
INSERT INTO schedule VALUES ('C04','20120713','Y','K01','K05','0','0');
INSERT INTO schedule VALUES ('C04','20120720','Y','K01','K10','0','0');
INSERT INTO schedule VALUES ('C04','20120724','Y','K01','K04','1','1');
INSERT INTO schedule VALUES ('C04','20120803','Y','K01','K03','3','0');
INSERT INTO schedule VALUES ('C04','20120811','Y','K01','K06','0','0');
INSERT INTO schedule VALUES ('C04','20120828','Y','K01','K07','0','1');
INSERT INTO schedule VALUES ('C04','20120918','N','K01','K03','','');
INSERT INTO schedule VALUES ('C04','20121019','N','K01','K08','','');
INSERT INTO schedule VALUES ('C04','20121023','N','K01','K09','','');
INSERT INTO schedule VALUES ('C04','20121102','N','K01','K10','','');
INSERT INTO schedule VALUES ('C04','20121110','N','K01','K02','','');
INSERT INTO schedule VALUES ('C04','20121117','N','K01','K06','','');
INSERT INTO schedule VALUES ('C04','20121124','N','K01','K08','','');
INSERT INTO schedule VALUES ('C06','20120317','Y','K03','K02','1','2');
INSERT INTO schedule VALUES ('B02','20120317','Y','K08','K04','6','0');
INSERT INTO schedule VALUES ('D02','20120317','Y','K10','K06','2','1');
INSERT INTO schedule VALUES ('C05','20120317','Y','K11','K09','2','2');
INSERT INTO schedule VALUES ('D01','20120320','Y','K07','K01','1','2');
INSERT INTO schedule VALUES ('D03','20120320','Y','K05','K03','1','0');
INSERT INTO schedule VALUES ('B04','20120320','Y','K02','K08','2','3');
INSERT INTO schedule VALUES ('B05','20120320','Y','K09','K10','2','0');
INSERT INTO schedule VALUES ('B04','20120323','Y','K02','K05','2','0');
INSERT INTO schedule VALUES ('C02','20120324','Y','K06','K01','1','2');
INSERT INTO schedule VALUES ('B01','20120324','Y','K04','K03','1','1');
INSERT INTO schedule VALUES ('B05','20120324','Y','K09','K07','1','0');
INSERT INTO schedule VALUES ('D01','20120327','Y','K07','K06','2','1');
INSERT INTO schedule VALUES ('C06','20120327','Y','K03','K08','1','0');
INSERT INTO schedule VALUES ('C05','20120327','Y','K11','K10','0','1');
INSERT INTO schedule VALUES ('D03','20120406','Y','K05','K04','3','2');
INSERT INTO schedule VALUES ('B01','20120410','Y','K04','K02','2','0');
INSERT INTO schedule VALUES ('B02','20120410','Y','K08','K05','2','1');
INSERT INTO schedule VALUES ('D02','20120410','Y','K10','K07','1','1');
INSERT INTO schedule VALUES ('C02','20120410','Y','K06','K09','1','4');
INSERT INTO schedule VALUES ('D02','20120414','Y','K10','K01','0','2');
INSERT INTO schedule VALUES ('B02','20120414','Y','K08','K03','1','1');
INSERT INTO schedule VALUES ('B01','20120414','Y','K04','K05','1','0');
INSERT INTO schedule VALUES ('C02','20120414','Y','K06','K07','2','0');
INSERT INTO schedule VALUES ('D03','20120420','Y','K05','K08','2','2');
INSERT INTO schedule VALUES ('D01','20120420','Y','K07','K10','0','1');
INSERT INTO schedule VALUES ('B04','20120421','Y','K02','K04','3','2');
INSERT INTO schedule VALUES ('B05','20120421','Y','K09','K06','1','0');
INSERT INTO schedule VALUES ('B02','20120424','Y','K08','K02','1','1');
INSERT INTO schedule VALUES ('C06','20120424','Y','K03','K05','1','2');
INSERT INTO schedule VALUES ('C05','20120424','Y','K11','K07','1','2');
INSERT INTO schedule VALUES ('D02','20120424','Y','K10','K09','1','3');
INSERT INTO schedule VALUES ('C06','20120427','Y','K03','K04','0','3');
INSERT INTO schedule VALUES ('C05','20120427','Y','K11','K06','5','2');
INSERT INTO schedule VALUES ('D01','20120427','Y','K07','K09','0','1');
INSERT INTO schedule VALUES ('D03','20120428','Y','K05','K02','1','2');
INSERT INTO schedule VALUES ('B05','20120501','Y','K09','K01','0','0');
INSERT INTO schedule VALUES ('B04','20120501','Y','K02','K03','1','2');
INSERT INTO schedule VALUES ('B01','20120501','Y','K04','K08','2','2');
INSERT INTO schedule VALUES ('D03','20120904','Y','K05','K02','1','2');
INSERT INTO schedule VALUES ('B02','20120904','Y','K08','K09','1','0');
INSERT INTO schedule VALUES ('C05','20120904','Y','K11','K04','2','2');
INSERT INTO schedule VALUES ('C06','20120904','Y','K03','K10','0','0');
INSERT INTO schedule VALUES ('C02','20120904','Y','K06','K07','2','2');


commit;